date_id,customer_id,store_id,product_id,pos_units,pos_sales,inventory_units,inventory_value,country_code,currency_code,item_lookup,store_number
2014-12-27,3,4,,-1,-19.97,-2,-39.94,,,PF722000,0
2014-08-09,3,4,,5,99.85,23,459.31,,,PF722002,0
2014-08-16,3,4,,43,858.71,132,2636.04,,,PF722002,0
2014-08-23,3,4,,82,1637.54,170,3394.9,,,PF722002,0
2014-08-30,3,4,,91,1817.27,310,6190.7,,,PF722002,0
2014-09-06,3,4,,79,1573.68,200,3984,,,PF722002,0
2014-09-13,3,4,,129,2576.13,233,4653.01,,,PF722002,0
2014-09-20,3,4,,222,4437.78,556,11114.44,,,PF722002,0
2014-09-27,3,4,,218,4344.74,521,10383.53,,,PF722002,0
2014-10-04,3,4,,246,4922.46,1384,27693.84,,,PF722002,0
2014-10-11,3,4,,216,4317.84,644,12873.56,,,PF722002,0
2014-10-18,3,4,,190,3767.7,414,8209.62,,,PF722002,0
2014-10-25,3,4,,203,4037.67,430,8552.7,,,PF722002,0
2014-11-01,3,4,,166,3298.42,407,8087.09,,,PF722002,0
2014-11-08,3,4,,259,5112.66,876,17292.24,,,PF722002,0
2014-11-15,3,4,,283,5609.06,1328,26320.96,,,PF722002,0
2014-11-22,3,4,,312,6158.88,1035,20430.9,,,PF722002,0
2014-11-29,3,4,,633,12457.44,2366,46562.88,,,PF722002,0
2014-12-06,3,4,,548,10746.28,1721,33748.81,,,PF722002,0
2014-12-13,3,4,,519,10416.33,1397,28037.79,,,PF722002,0
2014-12-20,3,4,,724,14501.72,1222,24476.66,,,PF722002,0
2014-12-27,3,4,,642,12807.9,1906,38024.7,,,PF722002,0
2013-01-19,3,4,,-2,-39.74,-5,-99.35,,,PF726000,0
2013-02-02,3,4,,-2,-39.94,-5,-99.85,,,PF726000,0
2013-02-09,3,4,,1,19.97,4,79.88,,,PF726000,0
2013-02-16,3,4,,1,19.97,1,19.97,,,PF726000,0
2013-03-23,3,4,,-1,-19.97,-4,-79.88,,,PF726000,0
2013-04-27,3,4,,-1,-19.97,-4,-79.88,,,PF726000,0
2013-05-18,3,4,,1,19.97,4,79.88,,,PF726000,0
2013-10-19,3,4,,1,17,2,34,,,PF726000,0
2013-11-23,3,4,,-1,-15,-3,-45,,,PF726000,0
2013-12-07,3,4,,1,15,3,45,,,PF726000,0
2014-01-04,3,4,,-1,-19.97,-2,-39.94,,,PF726000,0
2014-01-11,3,4,,1,15,4,60,,,PF726000,0
2014-02-08,3,4,,1,19.97,3,59.91,,,PF726000,0
2014-12-27,3,4,,-1,-19.97,-3,-59.91,,,PF726000,0
2013-01-05,3,4,,207,4166.91,646,13003.98,,,PF726100,0
2013-01-12,3,4,,340,6800,873,17460,,,PF726100,0
2013-01-19,3,4,,418,8339.1,728,14523.6,,,PF726100,0
2013-01-26,3,4,,626,12520,775,15500,,,PF726100,0
2013-02-02,3,4,,851,17011.49,2507,50114.93,,,PF726100,0
2013-02-09,3,4,,926,18492.22,2311,46150.67,,,PF726100,0
2013-02-16,3,4,,844,16854.68,2697,53859.09,,,PF726100,0
2013-02-23,3,4,,1139,22734.44,5411,108003.56,,,PF726100,0
2013-03-02,3,4,,1310,26147.6,1772,35369.12,,,PF726100,0
2013-03-09,3,4,,1099,21969.01,3986,79680.14,,,PF726100,0
2013-03-16,3,4,,1018,20339.64,3354,67012.92,,,PF726100,0
2013-03-23,3,4,,886,17666.84,2130,42472.2,,,PF726100,0
2013-03-30,3,4,,959,19141.64,4463,89081.48,,,PF726100,0
2013-04-06,3,4,,952,19820.64,1664,34644.48,,,PF726100,0
2013-04-13,3,4,,778,16991.52,1434,31318.56,,,PF726100,0
2013-04-20,3,4,,627,13737.57,2415,52912.65,,,PF726100,0
2013-04-27,3,4,,675,14735.25,2076,45319.08,,,PF726100,0
2013-05-04,3,4,,909,19879.83,3207,70137.09,,,PF726100,0
2013-05-11,3,4,,866,18974.06,3709,81264.19,,,PF726100,0
2013-05-18,3,4,,861,18847.29,1719,37628.91,,,PF726100,0
2013-05-25,3,4,,864,18904.32,3193,69862.84,,,PF726100,0
2013-06-01,3,4,,803,17593.73,2360,51707.6,,,PF726100,0
2013-06-08,3,4,,966,21136.08,3050,66734,,,PF726100,0
2013-06-15,3,4,,898,19639.26,1480,32367.6,,,PF726100,0
2013-06-22,3,4,,786,17213.4,2674,58560.6,,,PF726100,0
2013-06-29,3,4,,976,21345.12,4601,100623.87,,,PF726100,0
2013-07-06,3,4,,1017,22262.13,2459,53827.51,,,PF726100,0
2013-07-13,3,4,,952,20810.72,4102,89669.72,,,PF726100,0
2013-07-20,3,4,,1105,23006.1,3762,78324.84,,,PF726100,0
2013-07-27,3,4,,1141,22842.82,2611,52272.22,,,PF726100,0
2013-08-03,3,4,,1160,22701.2,2206,43171.42,,,PF726100,0
2013-08-10,3,4,,1207,22727.81,4304,81044.32,,,PF726100,0
2013-08-17,3,4,,1484,27780.48,6440,120556.8,,,PF726100,0
2013-08-24,3,4,,1982,37757.1,4093,77971.65,,,PF726100,0
2013-08-31,3,4,,1831,34972.1,6828,130414.8,,,PF726100,0
2013-09-07,3,4,,1641,31228.23,4842,92143.26,,,PF726100,0
2013-09-14,3,4,,1386,26722.08,5727,110416.56,,,PF726100,0
2013-09-21,3,4,,1719,33554.88,4935,96331.2,,,PF726100,0
2013-09-28,3,4,,2085,41199.6,8203,162091.28,,,PF726100,0
2013-10-05,3,4,,2581,51207.04,11736,232842.24,,,PF726100,0
2013-10-12,3,4,,2172,43157.64,3730,74115.1,,,PF726100,0
2013-10-19,3,4,,2255,46701.05,5894,122064.74,,,PF726100,0
2013-10-26,3,4,,1990,43282.5,5336,116058,,,PF726100,0
2013-11-02,3,4,,2006,43670.62,8774,191009.98,,,PF726100,0
2013-11-09,3,4,,2498,50509.56,7195,145482.9,,,PF726100,0
2013-11-16,3,4,,2526,48549.72,7100,136462,,,PF726100,0
2013-11-23,3,4,,4888,99715.2,13672,278908.8,,,PF726100,0
2013-11-30,3,4,,4149,89867.34,15651,339000.66,,,PF726100,0
2013-12-07,3,4,,5884,127977,16436,357483,,,PF726100,0
2013-12-14,3,4,,7075,152961.5,25661,554790.82,,,PF726100,0
2013-12-21,3,4,,10998,239976.36,37204,811791.28,,,PF726100,0
2013-12-28,3,4,,5083,111216.04,7186,157229.68,,,PF726100,0
2014-01-04,3,4,,143,3263.26,346,7895.72,,,PF726100,0
2014-01-11,3,4,,389,8452.97,1328,28857.44,,,PF726100,0
2014-01-18,3,4,,535,11572.05,1217,26323.71,,,PF726100,0
2014-01-25,3,4,,692,15120.2,1737,37953.45,,,PF726100,0
2014-02-01,3,4,,785,17058.05,1595,34659.35,,,PF726100,0
2014-02-08,3,4,,924,20087.76,3136,68176.64,,,PF726100,0
2014-02-15,3,4,,1121,24482.64,5717,124859.28,,,PF726100,0
2014-02-22,3,4,,1206,26326.98,4700,102601,,,PF726100,0
2014-03-01,3,4,,1274,27811.42,5558,121331.14,,,PF726100,0
2014-03-08,3,4,,1193,26055.12,4701,102669.84,,,PF726100,0
2014-03-15,3,4,,1092,23882.04,627,13712.49,,,PF726100,0
2014-03-22,3,4,,1011,22049.91,3234,70533.54,,,PF726100,0
2014-03-29,3,4,,1171,25586.35,3651,79774.35,,,PF726100,0
2014-04-05,3,4,,1115,24351.6,5011,109440.24,,,PF726100,0
2014-04-12,3,4,,931,20388.9,3173,69488.7,,,PF726100,0
2014-04-19,3,4,,976,21345.12,2404,52575.48,,,PF726100,0
2014-04-26,3,4,,888,19411.68,2883,63022.38,,,PF726100,0
2014-05-03,3,4,,870,18913.8,2912,63306.88,,,PF726100,0
2014-05-10,3,4,,830,18160.4,3874,84763.12,,,PF726100,0
2014-05-17,3,4,,794,17348.9,1822,39810.7,,,PF726100,0
2014-05-24,3,4,,910,19828.9,3572,77833.88,,,PF726100,0
2014-05-31,3,4,,885,19293,2210,48178,,,PF726100,0
2014-06-07,3,4,,892,19525.88,4840,105947.6,,,PF726100,0
2014-06-14,3,4,,913,19967.31,2829,61870.23,,,PF726100,0
2014-06-21,3,4,,968,21083.04,3170,69042.6,,,PF726100,0
2014-06-28,3,4,,990,21661.2,3050,66734,,,PF726100,0
2014-07-05,3,4,,1191,26023.35,4445,97123.25,,,PF726100,0
2014-07-12,3,4,,1058,23127.88,3082,67372.52,,,PF726100,0
2014-07-19,3,4,,1103,24111.58,4112,89888.32,,,PF726100,0
2014-07-26,3,4,,1067,23303.28,2921,63794.64,,,PF726100,0
2014-08-02,3,4,,1037,22575.49,2897,63067.69,,,PF726100,0
2014-08-09,3,4,,1024,21903.36,2022,43250.58,,,PF726100,0
2014-08-16,3,4,,936,19955.52,2810,59909.2,,,PF726100,0
2014-08-23,3,4,,802,17218.94,2352,50497.44,,,PF726100,0
2014-08-30,3,4,,974,21067.62,3073,66468.99,,,PF726100,0
2014-09-06,3,4,,1156,25085.2,4041,87689.7,,,PF726100,0
2014-09-13,3,4,,1338,29168.4,5319,115954.2,,,PF726100,0
2014-09-20,3,4,,1674,36392.76,3589,78024.86,,,PF726100,0
2014-09-27,3,4,,1679,36652.57,6641,144973.03,,,PF726100,0
2014-10-04,3,4,,1678,36613.96,7798,170152.36,,,PF726100,0
2014-10-11,3,4,,1668,36412.44,7687,167807.21,,,PF726100,0
2014-10-18,3,4,,1729,37692.2,6162,134331.6,,,PF726100,0
2014-10-25,3,4,,1700,37196,2130,46604.4,,,PF726100,0
2014-11-01,3,4,,1655,36227.95,5326,116586.14,,,PF726100,0
2014-11-08,3,4,,2107,45953.67,4488,97883.28,,,PF726100,0
2014-11-15,3,4,,2273,49665.05,7784,170080.4,,,PF726100,0
2014-11-22,3,4,,2674,58319.94,7983,174109.23,,,PF726100,0
2014-11-29,3,4,,4232,92426.88,8135,177668.4,,,PF726100,0
2014-12-06,3,4,,4416,95827.2,12328,267517.6,,,PF726100,0
2014-12-13,3,4,,5902,127719.28,14100,305124,,,PF726100,0
2014-12-20,3,4,,11157,242441.61,21225,461219.25,,,PF726100,0
2014-12-27,3,4,,7415,162166.05,11256,246168.72,,,PF726100,0
2013-10-12,3,4,,-2,-29.94,-6,-89.82,,,PF726103,0
2013-10-19,3,4,,1,14.97,4,59.88,,,PF726103,0
2013-11-02,3,4,,-1,-14.97,-3,-44.91,,,PF726103,0
2013-11-09,3,4,,-1,-14.97,-2,-29.94,,,PF726103,0
2013-11-16,3,4,,1,14.97,5,74.85,,,PF726103,0
2013-11-23,3,4,,1,14.97,3,44.91,,,PF726103,0
2013-11-30,3,4,,-1,-14.97,-4,-59.88,,,PF726103,0
2013-12-21,3,4,,2,29.94,7,104.79,,,PF726103,0
2013-12-28,3,4,,-9,-134.73,-31,-464.07,,,PF726103,0
2014-01-04,3,4,,-5,-74.85,-14,-209.58,,,PF726103,0
2014-01-11,3,4,,-3,-44.91,-7,-104.79,,,PF726103,0
2014-01-18,3,4,,1,14.97,2,29.94,,,PF726103,0
2014-01-25,3,4,,2,29.94,9,134.73,,,PF726103,0
2014-02-08,3,4,,4,59.88,4,59.88,,,PF726103,0
2014-02-15,3,4,,2,29.94,6,89.82,,,PF726103,0
2014-02-22,3,4,,1,11,3,33,,,PF726103,0
2014-03-01,3,4,,2,16,6,48,,,PF726103,0
2014-03-22,3,4,,-1,-14.97,-1,-14.97,,,PF726103,0
2014-03-29,3,4,,-1,-14.97,-3,-44.91,,,PF726103,0
2014-04-05,3,4,,2,25.98,4,51.96,,,PF726103,0
2014-04-26,3,4,,-1,-14.97,-2,-29.94,,,PF726103,0
2014-06-28,3,4,,-1,-14.97,-3,-44.91,,,PF726103,0
2014-08-16,3,4,,-1,-14.97,-4,-59.88,,,PF726103,0
2014-08-23,3,4,,-1,-14.97,-4,-59.88,,,PF726103,0
2014-09-13,3,4,,1,14.97,3,44.91,,,PF726103,0
2014-09-20,3,4,,1,14.97,3,44.91,,,PF726103,0
2014-09-27,3,4,,-1,-14.97,-3,-44.91,,,PF726103,0
2014-10-11,3,4,,-1,-14.97,-4,-59.88,,,PF726103,0
2014-10-25,3,4,,1,14.97,2,29.94,,,PF726103,0
2014-11-01,3,4,,1,14.97,3,44.91,,,PF726103,0
2014-11-15,3,4,,-1,-14.97,-4,-59.88,,,PF726103,0
2014-11-22,3,4,,1,14.97,4,59.88,,,PF726103,0
2014-12-20,3,4,,-1,-14.97,-4,-59.88,,,PF726103,0
2014-12-27,3,4,,-1,-14.97,-3,-44.91,,,PF726103,0
2013-01-05,3,4,,3,57,11,209,,,PF723000,0
2013-01-12,3,4,,2,38,8,152,,,PF723000,0
2013-01-19,3,4,,3,57,8,152,,,PF723000,0
2013-01-26,3,4,,-1,-19,-3,-57,,,PF723000,0
2013-02-09,3,4,,3,53.01,10,176.7,,,PF723000,0
2013-02-16,3,4,,-1,-19,-3,-57,,,PF723000,0
2013-02-23,3,4,,1,9,3,27,,,PF723000,0
2013-03-02,3,4,,2,60,7,210,,,PF723000,0
2013-03-09,3,4,,2,29,4,58,,,PF723000,0
2013-03-16,3,4,,-1,-19,-3,-57,,,PF723000,0
2013-03-23,3,4,,4,64,16,256,,,PF723000,0
2013-04-13,3,4,,2,39,5,97.5,,,PF723000,0
2013-05-04,3,4,,1,19,3,57,,,PF723000,0
2013-05-11,3,4,,-2,-38,-7,-133,,,PF723000,0
2013-05-25,3,4,,-2,-63.98,-5,-159.95,,,PF723000,0
2013-06-08,3,4,,1,19,0,0,,,PF723000,0
2013-06-15,3,4,,1,13,3,39,,,PF723000,0
2013-06-22,3,4,,1,20,4,80,,,PF723000,0
2013-06-29,3,4,,1,19,4,76,,,PF723000,0
2013-07-06,3,4,,2,63.98,6,191.94,,,PF723000,0
2013-07-20,3,4,,-1,-19,-3,-57,,,PF723000,0
2013-07-27,3,4,,1,44.97,3,134.91,,,PF723000,0
2013-09-07,3,4,,-1,-19,-5,-95,,,PF723000,0
2013-09-14,3,4,,2,49,8,196,,,PF723000,0
2013-10-05,3,4,,1,35,3,105,,,PF723000,0
2013-10-19,3,4,,-1,-19,-4,-76,,,PF723000,0
2013-10-26,3,4,,1,13,3,39,,,PF723000,0
2013-12-07,3,4,,1,2,4,8,,,PF723000,0
2013-12-14,3,4,,1,30,3,90,,,PF723000,0
2013-12-21,3,4,,1,19,2,38,,,PF723000,0
2014-01-11,3,4,,-1,-19,-2,-38,,,PF723000,0
2014-01-25,3,4,,1,19,2,38,,,PF723000,0
2014-02-01,3,4,,-2,-38,-4,-76,,,PF723000,0
2014-02-08,3,4,,1,13,3,39,,,PF723000,0
2014-03-22,3,4,,1,13,3,39,,,PF723000,0
2014-04-05,3,4,,-1,-19,-2,-38,,,PF723000,0
2014-04-12,3,4,,1,19,0,0,,,PF723000,0
2014-06-07,3,4,,1,8.5,3,25.5,,,PF723000,0
2014-08-30,3,4,,1,19,3,57,,,PF723000,0
2013-01-05,3,4,,817,15269.73,2872,53677.68,,,PF723001,0
2013-01-12,3,4,,876,16144.68,1221,22503.03,,,PF723001,0
2013-01-19,3,4,,961,17682.4,2180,40112,,,PF723001,0
2013-01-26,3,4,,1039,19190.33,3339,61671.33,,,PF723001,0
2013-02-02,3,4,,1211,22282.4,3429,63093.6,,,PF723001,0
2013-02-09,3,4,,1349,24376.43,5668,102420.76,,,PF723001,0
2013-02-16,3,4,,1499,27611.58,5053,93076.26,,,PF723001,0
2013-02-23,3,4,,1306,24213.24,6875,127462.5,,,PF723001,0
2013-03-02,3,4,,1133,21153.11,4537,84705.79,,,PF723001,0
2013-03-09,3,4,,1239,23181.69,2924,54708.04,,,PF723001,0
2013-03-16,3,4,,1094,20446.86,1294,24184.86,,,PF723001,0
2013-03-23,3,4,,1096,20484.24,1057,19755.33,,,PF723001,0
2013-03-30,3,4,,1004,18794.88,3320,62150.4,,,PF723001,0
2013-04-06,3,4,,1363,25610.77,3999,75141.21,,,PF723001,0
2013-04-13,3,4,,1067,20102.28,4117,77564.28,,,PF723001,0
2013-04-20,3,4,,1004,18925.4,2191,41300.35,,,PF723001,0
2013-04-27,3,4,,944,17662.24,1611,30141.81,,,PF723001,0
2013-05-04,3,4,,953,17906.87,3915,73562.85,,,PF723001,0
2013-05-11,3,4,,965,18170.95,3685,69388.55,,,PF723001,0
2013-05-18,3,4,,867,16342.95,1761,33194.85,,,PF723001,0
2013-05-25,3,4,,943,17766.12,2733,51489.72,,,PF723001,0
2013-06-01,3,4,,815,15289.4,1839,34499.64,,,PF723001,0
2013-06-08,3,4,,907,17078.81,1880,35400.4,,,PF723001,0
2013-06-15,3,4,,840,15817.2,1746,32877.18,,,PF723001,0
2013-06-22,3,4,,782,14717.24,1873,35249.86,,,PF723001,0
2013-06-29,3,4,,1121,21119.64,2301,43350.84,,,PF723001,0
2013-07-06,3,4,,1230,23222.4,3633,68591.04,,,PF723001,0
2013-07-13,3,4,,1269,23831.82,2140,40189.2,,,PF723001,0
2013-07-20,3,4,,1280,24140.8,2902,54731.72,,,PF723001,0
2013-07-27,3,4,,1366,25721.78,2705,50935.15,,,PF723001,0
2013-08-03,3,4,,1346,25358.64,2473,46591.32,,,PF723001,0
2013-08-10,3,4,,1305,24586.2,4202,79165.68,,,PF723001,0
2013-08-17,3,4,,1276,23963.28,4869,91439.82,,,PF723001,0
2013-08-24,3,4,,1184,22259.2,3739,70293.2,,,PF723001,0
2013-08-31,3,4,,1034,19490.9,3098,58397.3,,,PF723001,0
2013-09-07,3,4,,1097,20656.51,4174,78596.42,,,PF723001,0
2013-09-14,3,4,,1275,23944.5,5965,112022.7,,,PF723001,0
2013-09-21,3,4,,1492,28124.2,2206,41583.1,,,PF723001,0
2013-09-28,3,4,,1391,26234.26,2215,41774.9,,,PF723001,0
2013-10-05,3,4,,1572,29616.48,6571,123797.64,,,PF723001,0
2013-10-12,3,4,,1429,26936.65,2739,51630.15,,,PF723001,0
2013-10-19,3,4,,1464,27567.12,5267,99177.61,,,PF723001,0
2013-10-26,3,4,,1438,27163.82,3166,59805.74,,,PF723001,0
2013-11-02,3,4,,1440,27158.4,3646,68763.56,,,PF723001,0
2013-11-09,3,4,,1620,30504.6,1601,30146.83,,,PF723001,0
2013-11-16,3,4,,1773,33403.32,5771,108725.64,,,PF723001,0
2013-11-23,3,4,,2809,52949.65,9163,172722.55,,,PF723001,0
2013-11-30,3,4,,2908,54786.72,10752,202567.68,,,PF723001,0
2013-12-07,3,4,,4369,82486.72,8416,158894.08,,,PF723001,0
2013-12-14,3,4,,5213,98369.31,11201,211362.87,,,PF723001,0
2013-12-21,3,4,,6826,128874.88,19143,361419.84,,,PF723001,0
2013-12-28,3,4,,4002,75557.76,6183,116735.04,,,PF723001,0
2014-01-04,3,4,,352,6603.52,1067,20016.92,,,PF723001,0
2014-01-11,3,4,,385,7264.95,1626,30682.62,,,PF723001,0
2014-01-18,3,4,,520,9812.4,743,14020.41,,,PF723001,0
2014-01-25,3,4,,542,10232.96,1313,24789.44,,,PF723001,0
2014-02-01,3,4,,586,11069.54,2962,55952.18,,,PF723001,0
2014-02-08,3,4,,630,11888.1,2283,43080.21,,,PF723001,0
2014-02-15,3,4,,760,14333.6,1040,19614.4,,,PF723001,0
2014-02-22,3,4,,736,13866.24,1476,27807.84,,,PF723001,0
2014-03-01,3,4,,797,15063.3,1883,35588.7,,,PF723001,0
2014-03-08,3,4,,914,17228.9,2479,46729.15,,,PF723001,0
2014-03-15,3,4,,863,16293.44,3545,66929.6,,,PF723001,0
2014-03-22,3,4,,836,15766.96,1657,31251.02,,,PF723001,0
2014-03-29,3,4,,967,18276.3,3446,65129.4,,,PF723001,0
2014-04-05,3,4,,891,16813.17,3213,60629.31,,,PF723001,0
2014-04-12,3,4,,765,14427.9,1593,30043.98,,,PF723001,0
2014-04-19,3,4,,836,15783.68,959,18105.92,,,PF723001,0
2014-04-26,3,4,,792,14968.8,2649,50066.1,,,PF723001,0
2014-05-03,3,4,,811,15319.79,2477,46790.53,,,PF723001,0
2014-05-10,3,4,,881,16598.04,2552,48079.68,,,PF723001,0
2014-05-17,3,4,,768,14484.48,2268,42774.48,,,PF723001,0
2014-05-24,3,4,,861,16247.07,3132,59100.84,,,PF723001,0
2014-05-31,3,4,,834,15762.6,1067,20166.3,,,PF723001,0
2014-06-07,3,4,,891,16813.17,2123,40061.01,,,PF723001,0
2014-06-14,3,4,,917,17322.13,1214,22932.46,,,PF723001,0
2014-06-21,3,4,,876,16556.4,2133,40313.7,,,PF723001,0
2014-06-28,3,4,,971,18332.48,2783,52543.04,,,PF723001,0
2014-07-05,3,4,,1088,20563.2,2187,41334.3,,,PF723001,0
2014-07-12,3,4,,908,17115.8,3252,61300.2,,,PF723001,0
2014-07-19,3,4,,1029,19406.94,3491,65840.26,,,PF723001,0
2014-07-26,3,4,,988,18643.56,2191,41344.17,,,PF723001,0
2014-08-02,3,4,,989,18583.31,3413,64130.27,,,PF723001,0
2014-08-09,3,4,,1022,18743.48,3543,64978.62,,,PF723001,0
2014-08-16,3,4,,1040,19146.4,2412,44404.92,,,PF723001,0
2014-08-23,3,4,,934,17269.66,2824,52215.76,,,PF723001,0
2014-08-30,3,4,,980,18179,3160,58618,,,PF723001,0
2014-09-06,3,4,,947,17585.79,3932,73017.24,,,PF723001,0
2014-09-13,3,4,,1588,26170.24,3183,52455.84,,,PF723001,0
2014-09-20,3,4,,2360,35400,8002,120030,,,PF723001,0
2014-09-27,3,4,,2076,31140,9988,149820,,,PF723001,0
2014-10-04,3,4,,1933,28975.67,3342,50096.58,,,PF723001,0
2014-10-11,3,4,,1895,28425,4186,62790,,,PF723001,0
2014-10-18,3,4,,2305,34575,7798,116970,,,PF723001,0
2014-10-25,3,4,,2227,33382.73,9433,141400.67,,,PF723001,0
2014-11-01,3,4,,2223,33367.23,8185,122856.85,,,PF723001,0
2014-11-08,3,4,,2451,36838.53,7553,113521.59,,,PF723001,0
2014-11-15,3,4,,2425,36399.25,9371,140658.71,,,PF723001,0
2014-11-22,3,4,,2379,35685,4833,72495,,,PF723001,0
2014-11-29,3,4,,2903,43574.03,8836,132628.36,,,PF723001,0
2014-12-06,3,4,,2764,41432.36,12463,186820.37,,,PF723001,0
2014-12-13,3,4,,2485,36976.8,4611,68611.68,,,PF723001,0
2014-12-20,3,4,,2602,39056.02,8014,120290.14,,,PF723001,0
2014-12-27,3,4,,2036,30621.44,5957,89593.28,,,PF723001,0
2013-01-05,3,4,,1140,5050.2,3837,16997.91,,,PF723101,0
2013-01-05,3,4,,-2,-20,-3,-30,,,PF900000,0
2013-01-12,3,4,,805,3719.1,2191,10122.42,,,PF723101,0
2013-01-12,3,4,,-4,-40,-13,-130,,,PF900000,0
2013-01-19,3,4,,568,2851.36,2273,11410.46,,,PF723101,0
2013-01-26,3,4,,425,2103.75,779,3856.05,,,PF723101,0
2013-01-26,3,4,,-1,-15,-3,-45,,,PF900000,0
2013-02-02,3,4,,443,2228.29,706,3551.18,,,PF723101,0
2013-02-02,3,4,,-1,-10,-2,-20,,,PF900000,0
2013-02-09,3,4,,355,1782.1,1030,5170.6,,,PF723101,0
2013-02-09,3,4,,-1,-15,-5,-75,,,PF900000,0
2013-02-16,3,4,,222,1167.72,822,4323.72,,,PF723101,0
2013-02-16,3,4,,-1,-15,-3,-45,,,PF900000,0
2013-02-23,3,4,,142,640.42,449,2024.99,,,PF723101,0
2013-03-02,3,4,,92,405.72,375,1653.75,,,PF723101,0
2013-03-09,3,4,,41,177.53,114,493.62,,,PF723101,0
2013-03-16,3,4,,48,228.96,120,572.4,,,PF723101,0
2013-03-23,3,4,,33,163.02,70,345.8,,,PF723101,0
2013-03-30,3,4,,35,151.55,135,584.55,,,PF723101,0
2013-04-06,3,4,,24,116.88,38,185.06,,,PF723101,0
2013-04-13,3,4,,19,84.17,46,203.78,,,PF723101,0
2013-04-13,3,4,,-1,-15,-4,-60,,,PF900000,0
2013-04-20,3,4,,30,172.5,140,805,,,PF723101,0
2013-04-27,3,4,,42,140.28,153,511.02,,,PF723101,0
2013-05-04,3,4,,18,111.06,49,302.33,,,PF723101,0
2013-05-11,3,4,,18,82.8,37,170.2,,,PF723101,0
2013-05-18,3,4,,13,61.62,28,132.72,,,PF723101,0
2013-05-25,3,4,,26,134.16,90,464.4,,,PF723101,0
2013-06-01,3,4,,10,42.2,22,92.84,,,PF723101,0
2013-06-08,3,4,,10,43.2,37,159.84,,,PF723101,0
2013-06-15,3,4,,20,139,73,507.35,,,PF723101,0
2013-06-15,3,4,,-1,-15,-4,-60,,,PF900000,0
2013-06-22,3,4,,41,184.91,164,739.64,,,PF723101,0
2013-06-22,3,4,,-1,-15,-3,-45,,,PF900000,0
2013-06-29,3,4,,34,187.68,79,436.08,,,PF723101,0
2013-07-06,3,4,,13,72.02,30,166.2,,,PF723101,0
2013-07-13,3,4,,8,33.12,30,124.2,,,PF723101,0
2013-07-20,3,4,,15,78.15,38,197.98,,,PF723101,0
2013-07-27,3,4,,20,135,66,445.5,,,PF723101,0
2013-07-27,3,4,,-1,-15,-3,-45,,,PF900000,0
2013-08-03,3,4,,15,73.65,43,211.13,,,PF723101,0
2013-08-10,3,4,,10,54.5,24,130.8,,,PF723101,0
2013-08-17,3,4,,6,33.12,22,121.44,,,PF723101,0
2013-08-31,3,4,,5,16.1,7,22.54,,,PF723101,0
2013-09-07,3,4,,-1,-22.88,-3,-68.64,,,PF723101,0
2013-09-14,3,4,,10,60,28,168,,,PF723101,0
2013-09-21,3,4,,8,52,6,39,,,PF723101,0
2013-09-28,3,4,,10,68,26,176.8,,,PF723101,0
2013-10-05,3,4,,8,56,29,203,,,PF723101,0
2013-10-12,3,4,,15,103.95,65,450.45,,,PF723101,0
2013-10-19,3,4,,5,18.1,5,18.1,,,PF723101,0
2013-10-26,3,4,,11,56.1,56,285.6,,,PF723101,0
2013-11-02,3,4,,6,42,28,196,,,PF723101,0
2013-11-09,3,4,,-1,-9.97,-3,-29.91,,,PF723101,0
2013-11-16,3,4,,2,8.06,4,16.12,,,PF723101,0
2013-11-23,3,4,,2,11.04,4,22.08,,,PF723101,0
2013-11-30,3,4,,-1,-15.91,-4,-63.64,,,PF723101,0
2013-12-07,3,4,,2,8.06,8,32.24,,,PF723101,0
2013-12-14,3,4,,6,32.04,21,112.14,,,PF723101,0
2013-12-21,3,4,,21,116.34,42,232.68,,,PF723101,0
2013-12-28,3,4,,16,65.28,28,114.24,,,PF723101,0
2014-01-04,3,4,,5,11.25,5,11.25,,,PF723101,0
2014-01-11,3,4,,7,29.12,30,124.8,,,PF723101,0
2014-01-18,3,4,,8,48,26,156,,,PF723101,0
2014-01-18,3,4,,-1,-10,-4,-40,,,PF900000,0
2014-01-25,3,4,,8,44.16,34,187.68,,,PF723101,0
2014-02-01,3,4,,6,29.58,17,83.81,,,PF723101,0
2014-02-08,3,4,,2,14,6,42,,,PF723101,0
2014-02-15,3,4,,-3,-35.85,-6,-71.7,,,PF723101,0
2014-02-15,3,4,,-1,-10,-3,-30,,,PF900000,0
2014-02-22,3,4,,1,7,5,35,,,PF723101,0
2014-02-22,3,4,,-5,-50,-15,-150,,,PF900000,0
2014-03-01,3,4,,3,16.02,4,21.36,,,PF723101,0
2014-03-08,3,4,,2,12,6,36,,,PF723101,0
2014-03-15,3,4,,-1,-9.97,-5,-49.85,,,PF723101,0
2014-03-22,3,4,,8,32,24,96,,,PF723101,0
2014-03-29,3,4,,4,24,7,42,,,PF723101,0
2014-04-05,3,4,,1,7,4,28,,,PF723101,0
2014-04-19,3,4,,1,7,1,7,,,PF723101,0
2014-04-26,3,4,,1,4.03,2,8.06,,,PF723101,0
2014-05-03,3,4,,1,7,2,14,,,PF723101,0
2014-05-10,3,4,,1,7,5,35,,,PF723101,0
2014-05-17,3,4,,1,7,2,14,,,PF723101,0
2014-05-24,3,4,,-1,-9.97,-6,-59.82,,,PF723101,0
2014-05-31,3,4,,-1,-16.94,-3,-50.82,,,PF723101,0
2014-06-07,3,4,,-1,-9.97,-3,-29.91,,,PF723101,0
2014-06-21,3,4,,2,14,3,21,,,PF723101,0
2014-07-12,3,4,,1,4.03,4,16.12,,,PF723101,0
2014-07-26,3,4,,1,7,4,28,,,PF723101,0
2014-08-02,3,4,,3,9.99,9,29.97,,,PF723101,0
2014-08-09,3,4,,2,8,6,24,,,PF723101,0
2014-08-16,3,4,,2,12,8,48,,,PF723101,0
2014-08-23,3,4,,2,14,5,35,,,PF723101,0
2014-09-06,3,4,,1,9.97,3,29.91,,,PF723101,0
2014-09-13,3,4,,1,7,3,21,,,PF723101,0
2014-09-20,3,4,,1,3,4,12,,,PF723101,0
2014-10-11,3,4,,3,18,5,30,,,PF723101,0
2014-10-18,3,4,,3,18,8,48,,,PF723101,0
2014-10-25,3,4,,2,14,9,63,,,PF723101,0
2014-11-01,3,4,,1,7,2,14,,,PF723101,0
2014-11-15,3,4,,1,7,3,21,,,PF723101,0
2014-11-22,3,4,,5,28.05,10,56.1,,,PF723101,0
2014-11-29,3,4,,2,14,5,35,,,PF723101,0
2014-12-13,3,4,,4,14,11,38.5,,,PF723101,0
2014-12-27,3,4,,-1,-10.94,-2,-21.88,,,PF723101,0
2013-01-05,3,4,,162,4770.9,493,14518.85,,,PF562001,0
2013-01-12,3,4,,210,6052.2,694,20001.08,,,PF562001,0
2013-01-19,3,4,,224,6675.2,844,25151.2,,,PF562001,0
2013-01-26,3,4,,247,7239.57,987,28928.97,,,PF562001,0
2013-02-02,3,4,,369,10793.25,926,27085.5,,,PF562001,0
2013-02-09,3,4,,566,16634.74,1725,50697.75,,,PF562001,0
2013-02-16,3,4,,554,16343,1299,38320.5,,,PF562001,0
2013-02-23,3,4,,410,12111.4,1705,50365.7,,,PF562001,0
2013-03-02,3,4,,327,9741.33,950,28300.5,,,PF562001,0
2013-03-09,3,4,,376,11201.04,1438,42838.02,,,PF562001,0
2013-03-16,3,4,,319,9518.96,1348,40224.32,,,PF562001,0
2013-03-23,3,4,,265,7926.15,1199,35862.09,,,PF562001,0
2013-03-30,3,4,,214,6372.92,509,15158.02,,,PF562001,0
2013-04-06,3,4,,269,7986.61,742,22029.98,,,PF562001,0
2013-04-13,3,4,,249,7402.77,1269,37727.37,,,PF562001,0
2013-04-20,3,4,,246,7357.86,663,19830.33,,,PF562001,0
2013-04-27,3,4,,225,6736.5,426,12754.44,,,PF562001,0
2013-05-04,3,4,,192,5740.8,630,18837,,,PF562001,0
2013-05-11,3,4,,223,6658.78,1009,30128.74,,,PF562001,0
2013-05-18,3,4,,185,5527.8,724,21633.12,,,PF562001,0
2013-05-25,3,4,,198,5906.34,496,14795.68,,,PF562001,0
2013-06-01,3,4,,178,5283.04,287,8518.16,,,PF562001,0
2013-06-08,3,4,,205,6119.25,632,18865.2,,,PF562001,0
2013-06-15,3,4,,212,6323.96,402,11991.66,,,PF562001,0
2013-06-22,3,4,,200,5972,520,15527.2,,,PF562001,0
2013-06-29,3,4,,220,6564.8,1035,30884.4,,,PF562001,0
2013-07-06,3,4,,277,8201.97,825,24428.25,,,PF562001,0
2013-07-13,3,4,,242,7216.44,594,17713.08,,,PF562001,0
2013-07-20,3,4,,280,8248.8,1037,30550.02,,,PF562001,0
2013-07-27,3,4,,311,9283.35,948,28297.8,,,PF562001,0
2013-08-03,3,4,,403,10490.09,1654,43053.62,,,PF562001,0
2013-08-10,3,4,,677,14948.16,2252,49724.16,,,PF562001,0
2013-08-17,3,4,,907,18285.12,2765,55742.4,,,PF562001,0
2013-08-24,3,4,,874,17235.28,2773,54683.56,,,PF562001,0
2013-08-31,3,4,,732,14215.44,3408,66183.36,,,PF562001,0
2013-09-07,3,4,,760,14500.8,2749,52450.92,,,PF562001,0
2013-09-14,3,4,,675,13608,2961,59693.76,,,PF562001,0
2013-09-21,3,4,,851,17743.35,2404,50123.4,,,PF562001,0
2013-09-28,3,4,,640,13574.4,2635,55888.35,,,PF562001,0
2013-10-05,3,4,,619,13488.01,1734,37783.86,,,PF562001,0
2013-10-12,3,4,,431,9283.74,1970,42433.8,,,PF562001,0
2013-10-19,3,4,,376,8463.76,1006,22645.06,,,PF562001,0
2013-10-26,3,4,,429,9322.17,1528,33203.44,,,PF562001,0
2013-11-02,3,4,,549,9854.55,1813,32543.35,,,PF562001,0
2013-11-09,3,4,,436,8536.88,1763,34519.54,,,PF562001,0
2013-11-16,3,4,,383,8100.45,793,16771.95,,,PF562001,0
2013-11-23,3,4,,966,16789.08,2305,40060.9,,,PF562001,0
2013-11-30,3,4,,385,9005.15,949,22197.11,,,PF562001,0
2013-12-07,3,4,,499,11896.16,1596,38048.64,,,PF562001,0
2013-12-14,3,4,,495,11884.95,1296,31116.96,,,PF562001,0
2013-12-21,3,4,,1042,26102.1,3001,75175.05,,,PF562001,0
2013-12-28,3,4,,1294,28584.46,3961,87498.49,,,PF562001,0
2014-01-04,3,4,,317,3677.2,1110,12876,,,PF562001,0
2014-01-11,3,4,,278,3644.58,611,8010.21,,,PF562001,0
2014-01-18,3,4,,373,5087.72,1183,16136.12,,,PF562001,0
2014-01-25,3,4,,297,3988.71,742,9965.06,,,PF562001,0
2014-02-01,3,4,,257,3281.89,1287,16434.99,,,PF562001,0
2014-02-08,3,4,,263,3387.44,686,8835.68,,,PF562001,0
2014-02-15,3,4,,157,2483.74,722,11422.04,,,PF562001,0
2014-02-22,3,4,,99,1523.61,371,5709.69,,,PF562001,0
2014-03-01,3,4,,90,1400.4,267,4154.52,,,PF562001,0
2014-03-08,3,4,,66,846.78,135,1732.05,,,PF562001,0
2014-03-15,3,4,,63,841.05,222,2963.7,,,PF562001,0
2014-03-22,3,4,,48,595.68,159,1973.19,,,PF562001,0
2014-03-29,3,4,,45,590.85,100,1313,,,PF562001,0
2014-04-05,3,4,,23,274.85,110,1314.5,,,PF562001,0
2014-04-12,3,4,,32,443.84,52,721.24,,,PF562001,0
2014-04-19,3,4,,29,391.5,91,1228.5,,,PF562001,0
2014-04-26,3,4,,24,232.56,86,833.34,,,PF562001,0
2014-05-03,3,4,,35,403.9,73,842.42,,,PF562001,0
2014-05-10,3,4,,28,366.52,49,641.41,,,PF562001,0
2014-05-17,3,4,,17,181.05,55,585.75,,,PF562001,0
2014-05-24,3,4,,31,407.65,43,565.45,,,PF562001,0
2014-05-31,3,4,,8,125.04,22,343.86,,,PF562001,0
2014-06-07,3,4,,13,124.54,42,402.36,,,PF562001,0
2014-06-14,3,4,,18,148.14,51,419.73,,,PF562001,0
2014-06-21,3,4,,30,413.4,53,730.34,,,PF562001,0
2014-06-28,3,4,,17,178.5,47,493.5,,,PF562001,0
2014-07-05,3,4,,21,279.93,56,746.48,,,PF562001,0
2014-07-12,3,4,,11,150.04,22,300.08,,,PF562001,0
2014-07-19,3,4,,18,221.76,40,492.8,,,PF562001,0
2014-07-26,3,4,,10,40.8,33,134.64,,,PF562001,0
2014-08-02,3,4,,33,424.38,81,1041.66,,,PF562001,0
2014-08-09,3,4,,17,213.52,50,628,,,PF562001,0
2014-08-16,3,4,,10,88.8,37,328.56,,,PF562001,0
2014-08-23,3,4,,7,101.78,31,450.74,,,PF562001,0
2014-08-30,3,4,,19,292.98,49,755.58,,,PF562001,0
2014-09-06,3,4,,21,366.03,50,871.5,,,PF562001,0
2014-09-13,3,4,,9,138.96,33,509.52,,,PF562001,0
2014-09-20,3,4,,14,167.16,47,561.18,,,PF562001,0
2014-09-27,3,4,,3,26.49,8,70.64,,,PF562001,0
2014-10-04,3,4,,5,39.55,8,63.28,,,PF562001,0
2014-10-11,3,4,,8,102,28,357,,,PF562001,0
2014-10-18,3,4,,5,54,14,151.2,,,PF562001,0
2014-10-25,3,4,,2,8.04,6,24.12,,,PF562001,0
2014-11-01,3,4,,4,53.52,12,160.56,,,PF562001,0
2014-11-08,3,4,,5,37.15,17,126.31,,,PF562001,0
2014-11-15,3,4,,4,60,12,180,,,PF562001,0
2014-11-22,3,4,,7,61.04,3,26.16,,,PF562001,0
2014-11-29,3,4,,5,54.55,25,272.75,,,PF562001,0
2014-12-06,3,4,,7,78.61,19,213.37,,,PF562001,0
2014-12-13,3,4,,7,68.6,27,264.6,,,PF562001,0
2014-12-20,3,4,,5,29.2,6,35.04,,,PF562001,0
2014-12-27,3,4,,15,192,22,281.6,,,PF562001,0
2014-08-16,2,3,,11,216.04,37,726.68,,,PF722002,0
2014-08-23,2,3,,28,577.08,71,1463.31,,,PF722002,0
2014-08-30,2,3,,25,525,121,2541,,,PF722002,0
2014-09-06,2,3,,27,581.04,22,473.44,,,PF722002,0
2014-09-13,2,3,,23,462.07,90,1808.1,,,PF722002,0
2014-09-20,2,3,,28,561.12,49,981.96,,,PF722002,0
2014-09-27,2,3,,46,789.82,144,2472.48,,,PF722002,0
2014-10-04,2,3,,12,281.04,55,1288.1,,,PF722002,0
2014-10-11,2,3,,20,412,49,1009.4,,,PF722002,0
2014-10-18,2,3,,34,676.94,112,2229.92,,,PF722002,0
2014-10-25,2,3,,20,421,60,1263,,,PF722002,0
2014-11-01,2,3,,32,610.88,80,1527.2,,,PF722002,0
2014-11-08,2,3,,35,686,107,2097.2,,,PF722002,0
2014-11-15,2,3,,54,1085.94,175,3519.25,,,PF722002,0
2014-11-22,2,3,,68,1345.72,91,1800.89,,,PF722002,0
2014-11-29,2,3,,144,2888.64,449,9006.94,,,PF722002,0
2014-12-06,2,3,,279,4798.8,492,8462.4,,,PF722002,0
2014-12-13,2,3,,311,6008.52,595,11495.4,,,PF722002,0
2014-12-20,2,3,,475,9509.5,1416,28348.32,,,PF722002,0
2014-12-27,2,3,,298,6287.8,778,16415.8,,,PF722002,0
2013-01-05,2,3,,303,9417.24,878,27288.24,,,PF726100,0
2013-01-12,2,3,,371,9972.48,1249,33573.12,,,PF726100,0
2013-01-19,2,3,,433,11227.69,1090,28263.7,,,PF726100,0
2013-01-26,2,3,,561,14120.37,2423,60986.91,,,PF726100,0
2013-02-02,2,3,,611,15647.71,2725,69787.25,,,PF726100,0
2013-02-09,2,3,,677,17270.27,1833,46759.83,,,PF726100,0
2013-02-16,2,3,,687,17484.15,3040,77368,,,PF726100,0
2013-02-23,2,3,,704,17818.24,2509,63502.79,,,PF726100,0
2013-03-02,2,3,,676,16940.56,3169,79415.14,,,PF726100,0
2013-03-09,2,3,,781,19564.05,2758,69087.9,,,PF726100,0
2013-03-16,2,3,,718,18072.06,2300,57891,,,PF726100,0
2013-03-23,2,3,,668,16846.96,2849,71851.78,,,PF726100,0
2013-03-30,2,3,,708,17841.6,2959,74566.8,,,PF726100,0
2013-04-06,2,3,,2660,39474.4,6404,95035.36,,,PF726100,0
2013-04-13,2,3,,557,14080.96,1067,26973.76,,,PF726100,0
2013-04-20,2,3,,621,15649.2,159,4006.8,,,PF726100,0
2013-04-27,2,3,,609,15310.26,1519,38187.66,,,PF726100,0
2013-05-04,2,3,,545,13968.35,2196,56283.48,,,PF726100,0
2013-05-11,2,3,,554,14254.42,1726,44409.98,,,PF726100,0
2013-05-18,2,3,,552,13800,2048,51200,,,PF726100,0
2013-05-25,2,3,,556,14228.04,1177,30119.43,,,PF726100,0
2013-06-01,2,3,,589,15137.3,1062,27293.4,,,PF726100,0
2013-06-08,2,3,,593,15145.22,343,8760.22,,,PF726100,0
2013-06-15,2,3,,566,14025.48,1947,48246.66,,,PF726100,0
2013-06-22,2,3,,606,15331.8,1336,33800.8,,,PF726100,0
2013-06-29,2,3,,652,16502.12,2480,62768.8,,,PF726100,0
2013-07-06,2,3,,691,17440.84,2419,61055.56,,,PF726100,0
2013-07-13,2,3,,735,18014.85,2398,58774.98,,,PF726100,0
2013-07-20,2,3,,1011,22231.89,5000,109950,,,PF726100,0
2013-07-27,2,3,,1293,25821.21,4873,97313.81,,,PF726100,0
2013-08-03,2,3,,1289,25818.67,3138,62854.14,,,PF726100,0
2013-08-10,2,3,,1024,22097.92,2911,62819.38,,,PF726100,0
2013-08-17,2,3,,696,17692.32,732,18607.44,,,PF726100,0
2013-08-24,2,3,,934,17409.76,1925,35882,,,PF726100,0
2013-08-31,2,3,,568,14432.88,2337,59383.17,,,PF726100,0
2013-09-07,2,3,,626,15887.88,2602,66038.76,,,PF726100,0
2013-09-14,2,3,,633,16071.87,2631,66801.09,,,PF726100,0
2013-09-21,2,3,,969,21424.59,1437,31772.07,,,PF726100,0
2013-09-28,2,3,,747,18637.65,2887,72030.65,,,PF726100,0
2013-10-05,2,3,,691,17489.21,2046,51784.26,,,PF726100,0
2013-10-12,2,3,,649,16341.82,1639,41270.02,,,PF726100,0
2013-10-19,2,3,,700,17556,3568,89485.44,,,PF726100,0
2013-10-26,2,3,,1096,24353.12,2725,60549.5,,,PF726100,0
2013-11-02,2,3,,1968,38553.12,8914,174625.26,,,PF726100,0
2013-11-09,2,3,,2340,45910.8,2971,58291.02,,,PF726100,0
2013-11-16,2,3,,2793,54798.66,5582,109518.84,,,PF726100,0
2013-11-23,2,3,,3716,81306.08,17337,379333.56,,,PF726100,0
2013-11-30,2,3,,6140,131089,31591,674467.85,,,PF726100,0
2013-12-07,2,3,,5480,128177.2,22360,523000.4,,,PF726100,0
2013-12-14,2,3,,15698,238452.62,31442,477603.98,,,PF726100,0
2013-12-21,2,3,,8943,211323.09,5833,137833.79,,,PF726100,0
2013-12-28,2,3,,2368,62349.44,6476,170513.08,,,PF726100,0
2014-01-04,2,3,,217,8334.9784,712,27347.94756,,,PF726100,0
2014-01-11,2,3,,300,8802,1190,34914.6,,,PF726100,0
2014-01-18,2,3,,524,11533.24,1402,30858.02,,,PF726100,0
2014-01-25,2,3,,703,12611.82,3261,58502.34,,,PF726100,0
2014-02-01,2,3,,645,11913.15,1559,28794.73,,,PF726100,0
2014-02-08,2,3,,519,9658.59,1631,30352.91,,,PF726100,0
2014-02-15,2,3,,345,8093.7,687,16117.02,,,PF726100,0
2014-02-22,2,3,,333,8524.8,1133,29004.8,,,PF726100,0
2014-03-01,2,3,,579,10757.82,755,14027.9,,,PF726100,0
2014-03-08,2,3,,447,10964.91,1114,27326.42,,,PF726100,0
2014-03-15,2,3,,482,12358.48,1627,41716.28,,,PF726100,0
2014-03-22,2,3,,397,10218.78,1277,32869.98,,,PF726100,0
2014-03-29,2,3,,912,16051.2,197,3467.2,,,PF726100,0
2014-04-05,2,3,,449,11346.23,1003,25345.81,,,PF726100,0
2014-04-12,2,3,,399,10182.48,1722,43945.44,,,PF726100,0
2014-04-19,2,3,,623,11762.24,1939,36608.32,,,PF726100,0
2014-04-26,2,3,,437,10833.23,1815,44993.85,,,PF726100,0
2014-05-03,2,3,,446,11060.8,946,23460.8,,,PF726100,0
2014-05-10,2,3,,392,10062.64,785,20150.95,,,PF726100,0
2014-05-17,2,3,,440,10766.8,1409,34478.23,,,PF726100,0
2014-05-24,2,3,,438,10682.82,1151,28072.89,,,PF726100,0
2014-05-31,2,3,,464,11057.12,1811,43156.13,,,PF726100,0
2014-06-07,2,3,,497,11585.07,1691,39417.21,,,PF726100,0
2014-06-14,2,3,,462,10773.84,1277,29779.64,,,PF726100,0
2014-06-21,2,3,,499,11901.15,1232,29383.2,,,PF726100,0
2014-06-28,2,3,,819,17600.31,2040,43839.6,,,PF726100,0
2014-07-05,2,3,,1056,21067.2,3214,64119.3,,,PF726100,0
2014-07-12,2,3,,979,19531.05,1720,34314,,,PF726100,0
2014-07-19,2,3,,1058,21202.32,2815,56412.6,,,PF726100,0
2014-07-26,2,3,,952,16155.44,1057,17937.29,,,PF726100,0
2014-08-02,2,3,,681,16507.44,3026,73350.24,,,PF726100,0
2014-08-09,2,3,,748,17712.64,3137,74284.16,,,PF726100,0
2014-08-16,2,3,,710,16791.5,1826,43184.9,,,PF726100,0
2014-08-23,2,3,,710,16926.4,3488,83153.92,,,PF726100,0
2014-08-30,2,3,,674,16027.72,3152,74954.56,,,PF726100,0
2014-09-06,2,3,,721,17231.9,2330,55687,,,PF726100,0
2014-09-13,2,3,,651,15545.88,2050,48954,,,PF726100,0
2014-09-20,2,3,,689,15660.97,832,18911.36,,,PF726100,0
2014-09-27,2,3,,972,20509.2,2619,55260.9,,,PF726100,0
2014-10-04,2,3,,756,17312.4,1871,42845.9,,,PF726100,0
2014-10-11,2,3,,662,15735.74,2791,66342.07,,,PF726100,0
2014-10-18,2,3,,794,18738.4,2757,65065.2,,,PF726100,0
2014-10-25,2,3,,806,19295.64,2211,52931.34,,,PF726100,0
2014-11-01,2,3,,1147,25566.63,2318,51668.22,,,PF726100,0
2014-11-08,2,3,,3184,55401.6,12783,222424.2,,,PF726100,0
2014-11-15,2,3,,3664,64632.96,7054,124432.56,,,PF726100,0
2014-11-22,2,3,,3974,70498.76,8278,146851.72,,,PF726100,0
2014-11-29,2,3,,3156,74734.08,12128,287191.04,,,PF726100,0
2014-12-06,2,3,,6025,124657.25,10120,209382.8,,,PF726100,0
2014-12-13,2,3,,7474,168389.22,18051,406689.03,,,PF726100,0
2014-12-20,2,3,,15054,234390.78,54627,850542.39,,,PF726100,0
2014-12-27,2,3,,2553,66326.94,7839,203657.22,,,PF726100,0
2013-07-13,2,3,,4,60,11,165,,,PF726103,0
2013-07-20,2,3,,55,816.2,81,1202.04,,,PF726103,0
2013-07-27,2,3,,323,4838.54,634,9497.32,,,PF726103,0
2013-08-03,2,3,,433,6520.98,1746,26294.76,,,PF726103,0
2013-08-10,2,3,,449,6761.94,990,14909.4,,,PF726103,0
2013-08-17,2,3,,472,7061.12,1098,16426.08,,,PF726103,0
2013-08-24,2,3,,667,7497.08,1701,19119.24,,,PF726103,0
2013-08-31,2,3,,478,7165.22,1280,19187.2,,,PF726103,0
2013-09-07,2,3,,449,6699.08,784,11697.28,,,PF726103,0
2013-09-14,2,3,,437,6594.33,1049,15829.41,,,PF726103,0
2013-09-21,2,3,,551,7212.59,2194,28719.46,,,PF726103,0
2013-09-28,2,3,,386,5747.54,714,10631.46,,,PF726103,0
2013-10-05,2,3,,427,6379.38,1612,24083.28,,,PF726103,0
2013-10-12,2,3,,374,5550.16,1877,27854.68,,,PF726103,0
2013-10-19,2,3,,439,6501.59,1053,15594.93,,,PF726103,0
2013-10-26,2,3,,511,7639.45,1444,21587.8,,,PF726103,0
2013-11-02,2,3,,589,8740.76,1659,24619.56,,,PF726103,0
2013-11-09,2,3,,803,11707.74,2484,36216.72,,,PF726103,0
2013-11-16,2,3,,1027,15117.44,3158,46485.76,,,PF726103,0
2013-11-23,2,3,,1559,22745.81,4930,71928.7,,,PF726103,0
2013-11-30,2,3,,2595,32645.1,9120,114729.6,,,PF726103,0
2013-12-07,2,3,,2196,31512.6,6095,87463.25,,,PF726103,0
2013-12-14,2,3,,2862,41556.24,3313,48104.76,,,PF726103,0
2013-12-21,2,3,,4467,63431.4,22024,312740.8,,,PF726103,0
2013-12-28,2,3,,1159,17593.62,985,14952.3,,,PF726103,0
2014-01-04,2,3,,244,3640.5183,467,6967.713304,,,PF726103,0
2014-01-11,2,3,,267,3812.76,1117,15950.76,,,PF726103,0
2014-01-18,2,3,,213,3133.23,820,12062.2,,,PF726103,0
2014-01-25,2,3,,190,2772.1,268,3910.12,,,PF726103,0
2014-02-01,2,3,,214,3210,663,9945,,,PF726103,0
2014-02-08,2,3,,173,2581.16,446,6654.32,,,PF726103,0
2014-02-15,2,3,,252,3797.64,445,6706.15,,,PF726103,0
2014-02-22,2,3,,240,3595.2,825,12358.5,,,PF726103,0
2014-03-01,2,3,,422,4730.62,1111,12454.31,,,PF726103,0
2014-03-08,2,3,,282,4204.62,1013,15103.83,,,PF726103,0
2014-03-15,2,3,,293,4412.58,620,9337.2,,,PF726103,0
2014-03-22,2,3,,332,4989.96,858,12895.74,,,PF726103,0
2014-03-29,2,3,,462,6916.14,577,8637.69,,,PF726103,0
2014-04-05,2,3,,255,3771.45,328,4851.12,,,PF726103,0
2014-04-12,2,3,,196,2910.6,539,8004.15,,,PF726103,0
2014-04-19,2,3,,316,3551.84,561,6305.64,,,PF726103,0
2014-04-26,2,3,,211,3129.13,1006,14918.98,,,PF726103,0
2014-05-03,2,3,,205,2984.8,531,7731.36,,,PF726103,0
2014-05-10,2,3,,225,3357,551,8220.92,,,PF726103,0
2014-05-17,2,3,,249,3630.42,879,12815.82,,,PF726103,0
2014-05-24,2,3,,200,2964,545,8076.9,,,PF726103,0
2014-05-31,2,3,,204,3025.32,375,5561.25,,,PF726103,0
2014-06-07,2,3,,195,2905.5,313,4663.7,,,PF726103,0
2014-06-14,2,3,,219,3197.4,583,8511.8,,,PF726103,0
2014-06-21,2,3,,177,2656.77,581,8720.81,,,PF726103,0
2014-06-28,2,3,,217,3244.15,731,10928.45,,,PF726103,0
2014-07-05,2,3,,268,3995.88,287,4279.17,,,PF726103,0
2014-07-12,2,3,,250,3745,545,8164.1,,,PF726103,0
2014-07-19,2,3,,271,4043.32,817,12189.64,,,PF726103,0
2014-07-26,2,3,,407,4245.01,727,7582.61,,,PF726103,0
2014-08-02,2,3,,237,3562.11,912,13707.36,,,PF726103,0
2014-08-09,2,3,,252,3769.92,641,9589.36,,,PF726103,0
2014-08-16,2,3,,270,3958.2,992,14542.72,,,PF726103,0
2014-08-23,2,3,,253,3782.35,992,14830.4,,,PF726103,0
2014-08-30,2,3,,231,3416.49,607,8977.53,,,PF726103,0
2014-09-06,2,3,,202,2969.4,416,6115.2,,,PF726103,0
2014-09-13,2,3,,217,3244.15,805,12034.75,,,PF726103,0
2014-09-20,2,3,,267,3826.11,791,11335.03,,,PF726103,0
2014-09-27,2,3,,377,4923.62,979,12785.74,,,PF726103,0
2014-10-04,2,3,,298,4365.7,1199,17565.35,,,PF726103,0
2014-10-11,2,3,,232,3484.64,995,14944.9,,,PF726103,0
2014-10-18,2,3,,259,3799.53,679,9960.93,,,PF726103,0
2014-10-25,2,3,,252,3732.12,1003,14854.43,,,PF726103,0
2014-11-01,2,3,,299,4186,1052,14728,,,PF726103,0
2014-11-08,2,3,,378,5496.12,983,14292.82,,,PF726103,0
2014-11-15,2,3,,497,7325.78,854,12587.96,,,PF726103,0
2014-11-22,2,3,,638,9270.14,3772,54807.16,,,PF726103,0
2014-11-29,2,3,,928,13817.92,1796,26742.44,,,PF726103,0
2014-12-06,2,3,,1884,23832.6,4668,59050.2,,,PF726103,0
2014-12-13,2,3,,1758,25543.74,5444,79101.32,,,PF726103,0
2014-12-20,2,3,,2539,37932.66,10740,160455.6,,,PF726103,0
2014-12-27,2,3,,1608,24312.96,6407,96873.84,,,PF726103,0
2013-01-05,2,3,,290,6211.8,926,19834.92,,,PF723001,0
2013-01-12,2,3,,323,6469.69,688,13780.64,,,PF723001,0
2013-01-19,2,3,,240,4915.2,760,15564.8,,,PF723001,0
2013-01-26,2,3,,289,5768.44,536,10698.56,,,PF723001,0
2013-02-02,2,3,,317,6403.4,760,15352,,,PF723001,0
2013-02-09,2,3,,312,6283.68,1092,21992.88,,,PF723001,0
2013-02-16,2,3,,292,5918.84,928,18810.56,,,PF723001,0
2013-02-23,2,3,,337,6797.29,1034,20855.78,,,PF723001,0
2013-03-02,2,3,,313,6266.26,681,13633.62,,,PF723001,0
2013-03-09,2,3,,297,5999.4,969,19573.8,,,PF723001,0
2013-03-16,2,3,,248,5014.56,759,15346.98,,,PF723001,0
2013-03-23,2,3,,267,5414.76,335,6793.8,,,PF723001,0
2013-03-30,2,3,,269,5449.94,380,7698.8,,,PF723001,0
2013-04-06,2,3,,222,4491.06,727,14707.21,,,PF723001,0
2013-04-13,2,3,,231,4622.31,366,7323.66,,,PF723001,0
2013-04-20,2,3,,217,4329.15,481,9595.95,,,PF723001,0
2013-04-27,2,3,,183,3667.32,639,12805.56,,,PF723001,0
2013-05-04,2,3,,183,3665.49,368,7371.04,,,PF723001,0
2013-05-11,2,3,,152,3094.72,716,14577.76,,,PF723001,0
2013-05-18,2,3,,175,3449.25,401,7903.71,,,PF723001,0
2013-05-25,2,3,,222,4497.72,594,12034.44,,,PF723001,0
2013-06-01,2,3,,275,5610,650,13260,,,PF723001,0
2013-06-08,2,3,,284,5850.4,1094,22536.4,,,PF723001,0
2013-06-15,2,3,,300,6006,383,7667.66,,,PF723001,0
2013-06-22,2,3,,367,7475.79,933,19005.21,,,PF723001,0
2013-06-29,2,3,,335,6773.7,751,15185.22,,,PF723001,0
2013-07-06,2,3,,339,6871.53,934,18932.18,,,PF723001,0
2013-07-13,2,3,,387,7821.27,1727,34902.67,,,PF723001,0
2013-07-20,2,3,,399,8047.83,589,11880.13,,,PF723001,0
2013-07-27,2,3,,326,6640.62,835,17008.95,,,PF723001,0
2013-08-03,2,3,,323,6592.43,1031,21042.71,,,PF723001,0
2013-08-10,2,3,,350,7150.5,788,16098.84,,,PF723001,0
2013-08-17,2,3,,379,7655.8,875,17675,,,PF723001,0
2013-08-24,2,3,,453,7035.09,2139,33218.67,,,PF723001,0
2013-08-31,2,3,,304,6171.2,574,11652.2,,,PF723001,0
2013-09-07,2,3,,321,6513.09,613,12437.77,,,PF723001,0
2013-09-14,2,3,,279,5733.45,789,16213.95,,,PF723001,0
2013-09-21,2,3,,568,9877.52,1623,28223.97,,,PF723001,0
2013-09-28,2,3,,338,6787.04,406,8152.48,,,PF723001,0
2013-10-05,2,3,,331,6775.57,915,18730.05,,,PF723001,0
2013-10-12,2,3,,282,5775.36,793,16240.64,,,PF723001,0
2013-10-19,2,3,,323,6537.52,855,17305.2,,,PF723001,0
2013-10-26,2,3,,299,6075.68,458,9306.56,,,PF723001,0
2013-11-02,2,3,,327,6556.35,904,18125.2,,,PF723001,0
2013-11-09,2,3,,465,9295.35,1795,35882.05,,,PF723001,0
2013-11-16,2,3,,617,12383.19,1294,25970.58,,,PF723001,0
2013-11-23,2,3,,905,17946.15,2760,54730.8,,,PF723001,0
2013-11-30,2,3,,1826,30530.72,6737,112642.64,,,PF723001,0
2013-12-07,2,3,,1471,29243.48,1898,37732.24,,,PF723001,0
2013-12-14,2,3,,2066,40906.8,6240,123552,,,PF723001,0
2013-12-21,2,3,,3987,76271.31,8092,154799.96,,,PF723001,0
2013-12-28,2,3,,1205,25148.35,3572,74547.64,,,PF723001,0
2014-01-04,2,3,,155,3425.4419,504,11138.21108,,,PF723001,0
2014-01-11,2,3,,144,3015.36,614,12857.16,,,PF723001,0
2014-01-18,2,3,,141,2939.85,155,3231.75,,,PF723001,0
2014-01-25,2,3,,138,2790.36,417,8431.74,,,PF723001,0
2014-02-01,2,3,,124,2599.04,616,12911.36,,,PF723001,0
2014-02-08,2,3,,134,2718.86,594,12052.26,,,PF723001,0
2014-02-15,2,3,,183,3689.28,643,12962.88,,,PF723001,0
2014-02-22,2,3,,185,3696.3,702,14025.96,,,PF723001,0
2014-03-01,2,3,,292,4382.92,914,13719.14,,,PF723001,0
2014-03-08,2,3,,256,5155.84,349,7028.86,,,PF723001,0
2014-03-15,2,3,,223,4613.87,909,18807.21,,,PF723001,0
2014-03-22,2,3,,225,4608,653,13373.44,,,PF723001,0
2014-03-29,2,3,,224,4609.92,399,8211.42,,,PF723001,0
2014-04-05,2,3,,231,4700.85,483,9829.05,,,PF723001,0
2014-04-12,2,3,,223,4511.29,546,11045.58,,,PF723001,0
2014-04-19,2,3,,310,4811.2,807,12524.64,,,PF723001,0
2014-04-26,2,3,,219,4415.04,759,15301.44,,,PF723001,0
2014-05-03,2,3,,248,4912.88,215,4259.15,,,PF723001,0
2014-05-10,2,3,,222,4482.18,342,6904.98,,,PF723001,0
2014-05-17,2,3,,219,4371.24,489,9760.44,,,PF723001,0
2014-05-24,2,3,,211,4312.84,1077,22013.88,,,PF723001,0
2014-05-31,2,3,,220,4470.4,444,9022.08,,,PF723001,0
2014-06-07,2,3,,210,4235.7,718,14482.06,,,PF723001,0
2014-06-14,2,3,,185,3620.45,482,9432.74,,,PF723001,0
2014-06-21,2,3,,156,3199.56,597,12244.47,,,PF723001,0
2014-06-28,2,3,,140,2830.8,439,8876.58,,,PF723001,0
2014-07-05,2,3,,151,3039.63,357,7186.41,,,PF723001,0
2014-07-12,2,3,,119,2414.51,301,6107.29,,,PF723001,0
2014-07-19,2,3,,213,4349.46,777,15866.34,,,PF723001,0
2014-07-26,2,3,,377,5402.41,975,13971.75,,,PF723001,0
2014-08-02,2,3,,267,5398.74,899,18177.78,,,PF723001,0
2014-08-09,2,3,,245,5047,415,8549,,,PF723001,0
2014-08-16,2,3,,282,5611.8,1222,24317.8,,,PF723001,0
2014-08-23,2,3,,264,5427.84,918,18874.08,,,PF723001,0
2014-08-30,2,3,,227,4660.31,736,15110.08,,,PF723001,0
2014-09-06,2,3,,220,4499,1088,22249.6,,,PF723001,0
2014-09-13,2,3,,204,4208.52,466,9613.58,,,PF723001,0
2014-09-20,2,3,,222,4302.36,371,7189.98,,,PF723001,0
2014-09-27,2,3,,306,5428.44,859,15238.66,,,PF723001,0
2014-10-04,2,3,,229,4600.61,599,12033.91,,,PF723001,0
2014-10-11,2,3,,186,3837.18,922,19020.86,,,PF723001,0
2014-10-18,2,3,,233,4685.63,601,12086.11,,,PF723001,0
2014-10-25,2,3,,182,3740.1,325,6678.75,,,PF723001,0
2014-11-01,2,3,,228,4343.4,1104,21031.2,,,PF723001,0
2014-11-08,2,3,,278,5593.36,554,11146.48,,,PF723001,0
2014-11-15,2,3,,378,7575.12,1434,28737.36,,,PF723001,0
2014-11-22,2,3,,491,9746.35,1760,34936,,,PF723001,0
2014-11-29,2,3,,577,11597.7,592,11899.2,,,PF723001,0
2014-12-06,2,3,,1299,22173.93,5655,96530.85,,,PF723001,0
2014-12-13,2,3,,1078,20945.54,3055,59358.65,,,PF723001,0
2014-12-20,2,3,,1294,26151.74,3566,72068.86,,,PF723001,0
2014-12-27,2,3,,445,9278.25,1075,22413.75,,,PF723001,0
2013-01-05,2,3,,43,2739.96,102,6499.44,,,PF723101,0
2013-01-12,2,3,,70,2622.2,263,9851.98,,,PF723101,0
2013-01-19,2,3,,84,2580.48,252,7741.44,,,PF723101,0
2013-01-26,2,3,,105,2950.5,317,8907.7,,,PF723101,0
2013-02-02,2,3,,135,3716.55,582,16022.46,,,PF723101,0
2013-02-09,2,3,,166,4252.92,436,11170.32,,,PF723101,0
2013-02-16,2,3,,163,4169.54,489,12508.62,,,PF723101,0
2013-02-23,2,3,,111,2877.12,394,10212.48,,,PF723101,0
2013-03-02,2,3,,113,2844.21,331,8331.27,,,PF723101,0
2013-03-09,2,3,,118,3017.26,259,6622.63,,,PF723101,0
2013-03-16,2,3,,48,1236.96,173,4458.21,,,PF723101,0
2013-03-23,2,3,,70,1726.2,307,7570.62,,,PF723101,0
2013-03-30,2,3,,77,1881.88,216,5279.04,,,PF723101,0
2013-04-06,2,3,,94,2224.98,-11,-260.37,,,PF723101,0
2013-04-13,2,3,,87,2154.12,280,6932.8,,,PF723101,0
2013-04-20,2,3,,89,2218.77,397,9897.21,,,PF723101,0
2013-04-27,2,3,,76,1881.76,201,4976.76,,,PF723101,0
2013-05-04,2,3,,77,1945.79,250,6317.5,,,PF723101,0
2013-05-11,2,3,,81,2025.81,279,6977.79,,,PF723101,0
2013-05-18,2,3,,97,2378.44,482,11818.64,,,PF723101,0
2013-05-25,2,3,,57,1427.28,265,6635.6,,,PF723101,0
2013-06-01,2,3,,89,2244.58,329,8297.38,,,PF723101,0
2013-06-08,2,3,,77,1921.15,309,7709.55,,,PF723101,0
2013-06-15,2,3,,90,2249.1,246,6147.54,,,PF723101,0
2013-06-22,2,3,,83,2103.22,227,5752.18,,,PF723101,0
2013-06-29,2,3,,119,2995.23,451,11351.67,,,PF723101,0
2013-07-06,2,3,,96,2409.6,297,7454.7,,,PF723101,0
2013-07-13,2,3,,104,2568.8,308,7607.6,,,PF723101,0
2013-07-20,2,3,,111,2689.53,387,9377.01,,,PF723101,0
2013-07-27,2,3,,94,2321.8,314,7755.8,,,PF723101,0
2013-08-03,2,3,,76,1934.96,268,6823.28,,,PF723101,0
2013-08-10,2,3,,86,2170.64,421,10626.04,,,PF723101,0
2013-08-17,2,3,,95,2358.85,315,7821.45,,,PF723101,0
2013-08-24,2,3,,152,2848.48,560,10494.4,,,PF723101,0
2013-08-31,2,3,,94,2341.54,273,6800.43,,,PF723101,0
2013-09-07,2,3,,95,2352.2,258,6388.08,,,PF723101,0
2013-09-14,2,3,,82,1999.98,269,6560.91,,,PF723101,0
2013-09-21,2,3,,185,3788.8,371,7598.08,,,PF723101,0
2013-09-28,2,3,,98,2356.9,298,7166.9,,,PF723101,0
2013-10-05,2,3,,77,1972.74,343,8787.66,,,PF723101,0
2013-10-12,2,3,,76,1925.84,137,3471.58,,,PF723101,0
2013-10-19,2,3,,90,2183.4,195,4730.7,,,PF723101,0
2013-10-26,2,3,,93,2316.63,349,8693.59,,,PF723101,0
2013-11-02,2,3,,97,2398.81,212,5242.76,,,PF723101,0
2013-11-09,2,3,,150,3676.5,467,11446.17,,,PF723101,0
2013-11-16,2,3,,208,5037.76,619,14992.18,,,PF723101,0
2013-11-23,2,3,,270,6547.5,812,19691,,,PF723101,0
2013-11-30,2,3,,744,15214.8,2100,42945,,,PF723101,0
2013-12-07,2,3,,416,10071.36,1027,24863.67,,,PF723101,0
2013-12-14,2,3,,455,11179.35,909,22334.13,,,PF723101,0
2013-12-21,2,3,,631,15005.18,2260,53742.8,,,PF723101,0
2013-12-28,2,3,,156,3988.92,636,16262.52,,,PF723101,0
2014-01-04,2,3,,22,674.0764,88,2696.3056,,,PF723101,0
2014-01-11,2,3,,15,462,62,1909.6,,,PF723101,0
2014-01-18,2,3,,12,290.04,15,362.55,,,PF723101,0
2014-01-25,2,3,,22,537.9,73,1784.85,,,PF723101,0
2014-02-01,2,3,,20,469,43,1008.35,,,PF723101,0
2014-02-08,2,3,,15,394.05,33,866.91,,,PF723101,0
2014-02-15,2,3,,24,605.04,101,2546.21,,,PF723101,0
2014-02-22,2,3,,21,506.94,80,1931.2,,,PF723101,0
2014-03-01,2,3,,24,449.04,39,729.69,,,PF723101,0
2014-03-08,2,3,,15,334.95,35,781.55,,,PF723101,0
2014-03-15,2,3,,15,376.05,27,676.89,,,PF723101,0
2014-03-22,2,3,,11,275.99,49,1229.41,,,PF723101,0
2014-03-29,2,3,,9,228.96,25,636,,,PF723101,0
2014-04-05,2,3,,12,300,40,1000,,,PF723101,0
2014-04-12,2,3,,14,364.98,36,938.52,,,PF723101,0
2014-04-19,2,3,,22,410.08,103,1919.92,,,PF723101,0
2014-04-26,2,3,,10,252,32,806.4,,,PF723101,0
2014-05-03,2,3,,19,390.07,52,1067.56,,,PF723101,0
2014-05-10,2,3,,11,271.04,22,542.08,,,PF723101,0
2014-05-17,2,3,,5,112,6,134.4,,,PF723101,0
2014-05-24,2,3,,13,319.02,25,613.5,,,PF723101,0
2014-05-31,2,3,,13,333.06,36,922.32,,,PF723101,0
2014-06-07,2,3,,5,137,22,602.8,,,PF723101,0
2014-06-14,2,3,,16,372,22,511.5,,,PF723101,0
2014-06-21,2,3,,40,441.2,183,2018.49,,,PF723101,0
2014-06-28,2,3,,94,923.08,238,2337.16,,,PF723101,0
2014-07-05,2,3,,244,2252.12,444,4098.12,,,PF723101,0
2014-07-12,2,3,,37,331.15,64,572.8,,,PF723101,0
2014-07-19,2,3,,24,216,78,702,,,PF723101,0
2014-07-26,2,3,,29,194.01,56,374.64,,,PF723101,0
2014-08-02,2,3,,12,123.96,18,185.94,,,PF723101,0
2014-08-09,2,3,,4,41,17,174.25,,,PF723101,0
2014-08-16,2,3,,7,65.03,16,148.64,,,PF723101,0
2014-08-23,2,3,,4,43,14,150.5,,,PF723101,0
2014-08-30,2,3,,2,19,7,66.5,,,PF723101,0
2014-09-06,2,3,,9,81,19,171,,,PF723101,0
2014-09-13,2,3,,7,65.03,19,176.51,,,PF723101,0
2014-09-20,2,3,,11,92.95,15,126.75,,,PF723101,0
2014-09-27,2,3,,7,58.03,21,174.09,,,PF723101,0
2014-10-04,2,3,,2,20,5,50,,,PF723101,0
2014-10-11,2,3,,4,39,9,87.75,,,PF723101,0
2014-10-18,2,3,,3,32.01,8,85.36,,,PF723101,0
2014-10-25,2,3,,3,30,6,60,,,PF723101,0
2014-11-01,2,3,,3,29.01,12,116.04,,,PF723101,0
2014-11-22,2,3,,5,49,25,245,,,PF723101,0
2014-11-29,2,3,,-1,-15,-2,-30,,,PF723101,0
2014-12-06,2,3,,5,51,14,142.8,,,PF723101,0
2014-12-13,2,3,,9,90,37,370,,,PF723101,0
2014-12-20,2,3,,2,22,5,55,,,PF723101,0
2014-12-27,2,3,,17,131.07,50,385.5,,,PF723101,0
2013-01-05,2,3,,55,2647.15,204,9818.52,,,PF562001,0
2013-01-12,2,3,,98,3223.22,263,8650.07,,,PF562001,0
2013-01-19,2,3,,110,3579.4,334,10868.36,,,PF562001,0
2013-01-26,2,3,,145,4452.95,556,17074.76,,,PF562001,0
2013-02-02,2,3,,167,5160.3,351,10845.9,,,PF562001,0
2013-02-09,2,3,,177,5417.97,458,14019.38,,,PF562001,0
2013-02-16,2,3,,163,5015.51,217,6677.09,,,PF562001,0
2013-02-23,2,3,,154,4676.98,642,19497.54,,,PF562001,0
2013-03-02,2,3,,150,4474.5,394,11753.02,,,PF562001,0
2013-03-09,2,3,,150,4525.5,346,10438.82,,,PF562001,0
2013-03-16,2,3,,108,3294,399,12169.5,,,PF562001,0
2013-03-23,2,3,,130,3924.7,220,6641.8,,,PF562001,0
2013-03-30,2,3,,288,5682.24,1151,22709.23,,,PF562001,0
2013-04-06,2,3,,333,6593.4,1662,32907.6,,,PF562001,0
2013-04-13,2,3,,352,6941.44,1149,22658.28,,,PF562001,0
2013-04-20,2,3,,313,6084.72,680,13219.2,,,PF562001,0
2013-04-27,2,3,,364,7098,1367,26656.5,,,PF562001,0
2013-05-04,2,3,,359,7047.17,840,16489.2,,,PF562001,0
2013-05-11,2,3,,309,6096.57,447,8819.31,,,PF562001,0
2013-05-18,2,3,,352,6804.16,1599,30908.67,,,PF562001,0
2013-05-25,2,3,,328,6500.96,1127,22337.14,,,PF562001,0
2013-06-01,2,3,,273,5416.32,659,13074.56,,,PF562001,0
2013-06-08,2,3,,294,5835.9,373,7404.05,,,PF562001,0
2013-06-15,2,3,,257,5068.04,974,19207.28,,,PF562001,0
2013-06-22,2,3,,335,6643.05,1124,22288.92,,,PF562001,0
2013-06-29,2,3,,286,5654.22,533,10537.41,,,PF562001,0
2013-07-06,2,3,,329,6497.75,973,19216.75,,,PF562001,0
2013-07-13,2,3,,347,6745.68,924,17962.56,,,PF562001,0
2013-07-20,2,3,,363,7089.39,735,14354.55,,,PF562001,0
2013-07-27,2,3,,317,6114.93,886,17090.94,,,PF562001,0
2013-08-03,2,3,,306,5997.6,1116,21873.6,,,PF562001,0
2013-08-10,2,3,,288,5734.08,1029,20487.39,,,PF562001,0
2013-08-17,2,3,,269,5275.09,477,9353.97,,,PF562001,0
2013-08-24,2,3,,334,5046.74,1429,21592.19,,,PF562001,0
2013-08-31,2,3,,225,4403.25,759,14853.63,,,PF562001,0
2013-09-07,2,3,,213,4257.87,801,16011.99,,,PF562001,0
2013-09-14,2,3,,179,3590.74,16,320.96,,,PF562001,0
2013-09-21,2,3,,298,4708.4,1211,19133.8,,,PF562001,0
2013-09-28,2,3,,181,3545.79,350,6856.5,,,PF562001,0
2013-10-05,2,3,,178,3542.2,328,6527.2,,,PF562001,0
2013-10-12,2,3,,177,3520.53,716,14241.24,,,PF562001,0
2013-10-19,2,3,,284,5580.6,757,14875.05,,,PF562001,0
2013-10-26,2,3,,363,7151.1,587,11563.9,,,PF562001,0
2013-11-02,2,3,,474,9299.88,2458,48225.96,,,PF562001,0
2013-11-09,2,3,,696,13551.12,2048,39874.56,,,PF562001,0
2013-11-16,2,3,,1007,19686.85,2592,50673.6,,,PF562001,0
2013-11-23,2,3,,10242,107336.16,25464,266862.72,,,PF562001,0
2013-11-30,2,3,,1882,25651.66,5114,69703.82,,,PF562001,0
2013-12-07,2,3,,894,16896.6,2036,38480.4,,,PF562001,0
2013-12-14,2,3,,859,16698.96,2062,40085.28,,,PF562001,0
2013-12-21,2,3,,593,12156.5,900,18450,,,PF562001,0
2013-12-28,2,3,,-23,509.91,-71,1574.07,,,PF562001,0
2014-01-04,2,3,,-17,323,-42,798,,,PF562001,0
2014-01-11,2,3,,13,569.01,24,1050.48,,,PF562001,0
2014-01-18,2,3,,11,402.05,38,1388.9,,,PF562001,0
2014-01-25,2,3,,17,511.02,72,2164.32,,,PF562001,0
2014-02-01,2,3,,34,598.06,84,1477.56,,,PF562001,0
2014-02-08,2,3,,25,558,53,1182.96,,,PF562001,0
2014-02-15,2,3,,29,675.99,92,2144.52,,,PF562001,0
2014-02-22,2,3,,18,385.92,66,1415.04,,,PF562001,0
2014-03-01,2,3,,21,300.09,75,1071.75,,,PF562001,0
2014-03-08,2,3,,7,184.03,25,657.25,,,PF562001,0
2014-03-15,2,3,,11,252.01,33,756.03,,,PF562001,0
2014-03-22,2,3,,18,361.98,-3,-60.33,,,PF562001,0
2014-03-29,2,3,,10,215,27,580.5,,,PF562001,0
2014-04-05,2,3,,2,60,7,210,,,PF562001,0
2014-04-12,2,3,,8,172,25,537.5,,,PF562001,0
2014-04-19,2,3,,8,123.04,33,507.54,,,PF562001,0
2014-04-26,2,3,,3,75,7,175,,,PF562001,0
2014-05-03,2,3,,2,45,4,90,,,PF562001,0
2014-05-10,2,3,,2,65,8,260,,,PF562001,0
2014-05-17,2,3,,4,95,13,308.75,,,PF562001,0
2014-05-24,2,3,,6,118.98,23,456.09,,,PF562001,0
2014-05-31,2,3,,-1,-5,-4,-20,,,PF562001,0
2014-06-07,2,3,,5,112,11,246.4,,,PF562001,0
2014-06-14,2,3,,7,140.98,11,221.54,,,PF562001,0
2014-06-21,2,3,,6,118.98,22,436.26,,,PF562001,0
2014-06-28,2,3,,10,192,23,441.6,,,PF562001,0
2014-07-05,2,3,,5,79,12,189.6,,,PF562001,0
2014-07-19,2,3,,2,30,4,60,,,PF562001,0
2014-07-26,2,3,,4,56,12,168,,,PF562001,0
2014-08-02,2,3,,2,52,6,156,,,PF562001,0
2014-08-09,2,3,,10,96,27,259.2,,,PF562001,0
2014-08-16,2,3,,6,58.02,20,193.4,,,PF562001,0
2014-08-23,2,3,,3,35.01,14,163.38,,,PF562001,0
2014-08-30,2,3,,5,50,19,190,,,PF562001,0
2014-09-06,2,3,,1,5,4,20,,,PF562001,0
2014-09-13,2,3,,2,25,5,62.5,,,PF562001,0
2014-09-20,2,3,,12,108.96,48,435.84,,,PF562001,0
2014-09-27,2,3,,3,26.01,6,52.02,,,PF562001,0
2014-10-04,2,3,,3,30,8,80,,,PF562001,0
2014-10-11,2,3,,1,12,3,36,,,PF562001,0
2014-10-25,2,3,,1,10,4,40,,,PF562001,0
2014-11-01,2,3,,3,33,10,110,,,PF562001,0
2014-11-08,2,3,,3,30,16,160,,,PF562001,0
2014-11-15,2,3,,4,39,15,146.25,,,PF562001,0
2014-11-22,2,3,,-2,-27,-10,-135,,,PF562001,0
2014-11-29,2,3,,1,14,3,42,,,PF562001,0
2014-12-06,2,3,,3,30,8,80,,,PF562001,0
2014-12-13,2,3,,2,20,6,60,,,PF562001,0
2014-12-20,2,3,,4,38,15,142.5,,,PF562001,0
2014-12-27,2,3,,-4,-27,-15,-101.25,,,PF562001,0
2014-12-06,1,2,,1507,23659.9,5433,85298.1,,,PF722000,0
2014-12-13,1,2,,1979,30892.19,3225,50342.25,,,PF722000,0
2014-12-20,1,2,,2674,42142.24,11951,188347.76,,,PF722000,0
2014-12-27,1,2,,1556,24693.72,7701,122214.87,,,PF722000,0
2014-07-26,1,2,,1,19,3,57,,,PF722002,0
2014-08-02,1,2,,11,217.03,40,789.2,,,PF722002,0
2014-08-09,1,2,,108,2143.8,335,6649.75,,,PF722002,0
2014-08-16,1,2,,106,2090.1,426,8399.835849,,,PF722002,0
2014-08-23,1,2,,115,2284.16,495,9831.81913,,,PF722002,0
2014-08-30,1,2,,108,2155.77,283,5648.915833,,,PF722002,0
2014-09-06,1,2,,118,2333.52,235,4647.264407,,,PF722002,0
2014-09-13,1,2,,123,2431.71,391,7730.07,,,PF722002,0
2014-09-20,1,2,,97,1934.23,332,6620.251134,,,PF722002,0
2014-09-27,1,2,,86,1701.29,308,6092.992093,,,PF722002,0
2014-10-04,1,2,,112,2213.81,129,2549.834732,,,PF722002,0
2014-10-11,1,2,,88,1729.37,82,1611.458409,,,PF722002,0
2014-10-18,1,2,,56,1086.94,203,3940.1575,,,PF722002,0
2014-10-25,1,2,,69,1370.73,252,5006.144348,,,PF722002,0
2014-11-01,1,2,,90,1699.05,483,9118.235,,,PF722002,0
2014-11-08,1,2,,93,1775.65,373,7121.693011,,,PF722002,0
2014-11-15,1,2,,148,2821.9,437,8332.231757,,,PF722002,0
2014-11-22,1,2,,190,3668.89,437,8438.447,,,PF722002,0
2014-11-29,1,2,,419,8105.34,1213,23464.86258,,,PF722002,0
2014-12-06,1,2,,452,8753.18,1364,26414.46354,,,PF722002,0
2014-12-13,1,2,,696,13615.53,3237,63323.95203,,,PF722002,0
2014-12-20,1,2,,1347,26154.6,6330,122909.1448,,,PF722002,0
2014-12-27,1,2,,1218,21099.66,3574,61913.12384,,,PF722002,0
2013-01-05,1,2,,956,19090.12,2862,57150.54753,,,PF726100,0
2013-01-12,1,2,,763,17224.75,2910,65693.34535,,,PF726100,0
2013-01-19,1,2,,606,15748.94,1081,28093.40617,,,PF726100,0
2013-01-26,1,2,,698,17825.27,2152,54956.99289,,,PF726100,0
2013-02-02,1,2,,864,21833.28,2282,57666.14,,,PF726100,0
2013-02-09,1,2,,978,24528.24,2320,58185.6,,,PF726100,0
2013-02-16,1,2,,941,23627.67,3452,86676.63851,,,PF726100,0
2013-02-23,1,2,,898,22458.96,3490,87284.82227,,,PF726100,0
2013-03-02,1,2,,841,21023.33,2932,73294.17784,,,PF726100,0
2013-03-09,1,2,,917,22890.83,3614,90215.33219,,,PF726100,0
2013-03-16,1,2,,858,21383.57,3923,97771.2647,,,PF726100,0
2013-03-23,1,2,,901,22393.23,2677,66533.49246,,,PF726100,0
2013-03-30,1,2,,2328,46048.89,5509,108970.5047,,,PF726100,0
2013-04-06,1,2,,2627,51988.93,7797,154304.4108,,,PF726100,0
2013-04-13,1,2,,1635,32390.61,2714,53766.43152,,,PF726100,0
2013-04-20,1,2,,1744,34584.8,4756,94314.97064,,,PF726100,0
2013-04-27,1,2,,1909,37875.46,3855,76485.01744,,,PF726100,0
2013-05-04,1,2,,1781,35319.31,4345,86166.42445,,,PF726100,0
2013-05-11,1,2,,1638,32466.52,5389,106814.4544,,,PF726100,0
2013-05-18,1,2,,1628,32300.42,3660,72616.42334,,,PF726100,0
2013-05-25,1,2,,1615,32027.05,5828,115575.0139,,,PF726100,0
2013-06-01,1,2,,1699,33693.73,5120,101537.3147,,,PF726100,0
2013-06-08,1,2,,1828,36285.04,5416,107505.3483,,,PF726100,0
2013-06-15,1,2,,944,22268.96,4520,106626.8,,,PF726100,0
2013-06-22,1,2,,1085,23989.13,4072,90031.09434,,,PF726100,0
2013-06-29,1,2,,955,22662.65,3089,73303.58728,,,PF726100,0
2013-07-06,1,2,,888,22251.9,2837,71090.81115,,,PF726100,0
2013-07-13,1,2,,927,23293.23,613,15403.1823,,,PF726100,0
2013-07-20,1,2,,1019,25429.81,2277,56824.02097,,,PF726100,0
2013-07-27,1,2,,1080,26419.41,3525,86230.01875,,,PF726100,0
2013-08-03,1,2,,886,21754.93,2839,69709.08157,,,PF726100,0
2013-08-10,1,2,,854,21122.66,3080,76180.08525,,,PF726100,0
2013-08-17,1,2,,845,20503.07,2004,48625.03228,,,PF726100,0
2013-08-24,1,2,,981,21686.94,4326,95634.76294,,,PF726100,0
2013-08-31,1,2,,795,16971.61,1118,23866.99369,,,PF726100,0
2013-09-07,1,2,,817,17634.31,2738,59097.60193,,,PF726100,0
2013-09-14,1,2,,853,18246.95,3644,77950.62814,,,PF726100,0
2013-09-21,1,2,,927,19880.67,2553,54752.26592,,,PF726100,0
2013-09-28,1,2,,882,18888.03,3788,81120.02,,,PF726100,0
2013-10-05,1,2,,921,19763.79,4339,93110.84127,,,PF726100,0
2013-10-12,1,2,,937,20060.69,2471,52902.84417,,,PF726100,0
2013-10-19,1,2,,1722,32732.55,6192,117700.3192,,,PF726100,0
2013-10-26,1,2,,1089,23202.2,2765,58911.00367,,,PF726100,0
2013-11-02,1,2,,1671,33396.39,3116,62275.97321,,,PF726100,0
2013-11-09,1,2,,1637,33722.99,5302,109223.7587,,,PF726100,0
2013-11-16,1,2,,2145,43585.55,9323,189439.6656,,,PF726100,0
2013-11-23,1,2,,3726,76770.06,12024,247741.0632,,,PF726100,0
2013-11-30,1,2,,3146,66371.83,7704,162532.9238,,,PF726100,0
2013-12-07,1,2,,4285,91430.35,15309,326652.7954,,,PF726100,0
2013-12-14,1,2,,5492,116180.34,13866,293327.8577,,,PF726100,0
2013-12-21,1,2,,6811,144819.14,18801,399756.9595,,,PF726100,0
2013-12-28,1,2,,1467,31725.13,4940,106831.7261,,,PF726100,0
2014-01-04,1,2,,319,7155.17,793,17786.99,,,PF726100,0
2014-01-11,1,2,,492,10858.44,1733,38247.31,,,PF726100,0
2014-01-18,1,2,,576,12372.48,2234,47986.32,,,PF726100,0
2014-01-25,1,2,,563,12267.77,2197,47872.63,,,PF726100,0
2014-02-01,1,2,,681,14675.55,3140,67667,,,PF726100,0
2014-02-08,1,2,,821,17569.4,4195,89773,,,PF726100,0
2014-02-15,1,2,,939,20271.41,2155,46522.77801,,,PF726100,0
2014-02-22,1,2,,733,16144.11,1841,40547.48501,,,PF726100,0
2014-03-01,1,2,,775,17433.42,3846,86514.75267,,,PF726100,0
2014-03-08,1,2,,769,17236.68,3737,83762.6439,,,PF726100,0
2014-03-15,1,2,,822,18411.36,2018,45199.66482,,,PF726100,0
2014-03-22,1,2,,1417,28868.31,482,9819.707424,,,PF726100,0
2014-03-29,1,2,,891,19924.07,3491,78063.89267,,,PF726100,0
2014-04-05,1,2,,579,13004.34,3205,71984.3,,,PF726100,0
2014-04-12,1,2,,625,13962.5,2682,59915.88,,,PF726100,0
2014-04-19,1,2,,688,15362.36,3129,69867.47738,,,PF726100,0
2014-04-26,1,2,,659,14745.69,2659,59497.40472,,,PF726100,0
2014-05-03,1,2,,672,14988.8,1876,41843.73333,,,PF726100,0
2014-05-10,1,2,,672,15015.96,1328,29674.39714,,,PF726100,0
2014-05-17,1,2,,643,14314.41,1863,41473.94375,,,PF726100,0
2014-05-24,1,2,,689,15422.33,1752,39216.14247,,,PF726100,0
2014-05-31,1,2,,739,16555.47,1707,38241.11947,,,PF726100,0
2014-06-07,1,2,,814,18209.42,3367,75320.78273,,,PF726100,0
2014-06-14,1,2,,1065,23336.85,2067,45293.21028,,,PF726100,0
2014-06-21,1,2,,1278,28516.63,2807,62633.94398,,,PF726100,0
2014-06-28,1,2,,1349,30096.72,4831,107781.508,,,PF726100,0
2014-07-05,1,2,,1830,36635.4,4941,98915.58,,,PF726100,0
2014-07-12,1,2,,1908,38136.72,11096,221784.6148,,,PF726100,0
2014-07-19,1,2,,1821,36490.34,7008,140430.6989,,,PF726100,0
2014-07-26,1,2,,1696,33933.66,6221,124470.1055,,,PF726100,0
2014-08-02,1,2,,1620,32412.24,4554,91114.408,,,PF726100,0
2014-08-09,1,2,,941,21111.64,2571,57681.21832,,,PF726100,0
2014-08-16,1,2,,848,18953.57,2383,53262.21381,,,PF726100,0
2014-08-23,1,2,,752,16904.96,3251,73082.48,,,PF726100,0
2014-08-30,1,2,,699,15657.6,2599,58217.6,,,PF726100,0
2014-09-06,1,2,,797,17685.43,2314,51347.66,,,PF726100,0
2014-09-13,1,2,,867,19316.76,2968,66127.04,,,PF726100,0
2014-09-20,1,2,,872,19299.16,2693,59601.64894,,,PF726100,0
2014-09-27,1,2,,817,18195.35,2598,57859.87674,,,PF726100,0
2014-10-04,1,2,,834,18521.1,2051,45547.69317,,,PF726100,0
2014-10-11,1,2,,810,17991.58,2413,53597.13894,,,PF726100,0
2014-10-18,1,2,,887,19748.29,2517,56038.83419,,,PF726100,0
2014-10-25,1,2,,907,20099.17,3270,72463.38026,,,PF726100,0
2014-11-01,1,2,,987,21332.5,2345,50683.59929,,,PF726100,0
2014-11-08,1,2,,1410,30033.81,4783,101880.6477,,,PF726100,0
2014-11-15,1,2,,1686,33856.04,8902,178758.2847,,,PF726100,0
2014-11-22,1,2,,2709,55021.53,8373,170061.008,,,PF726100,0
2014-11-29,1,2,,3397,73094.48,11630,250246.9245,,,PF726100,0
2014-12-06,1,2,,3890,82162.29,9965,210474.8637,,,PF726100,0
2014-12-13,1,2,,5697,121863.55,31136,666024.8364,,,PF726100,0
2014-12-20,1,2,,6304,139899.03,20025,444396.9029,,,PF726100,0
2014-12-27,1,2,,3198,71808.28,11946,268236.9334,,,PF726100,0
2013-07-13,1,2,,1,14.99,4,59.96,,,PF726103,0
2013-07-27,1,2,,4,59.96,10,149.9,,,PF726103,0
2013-08-03,1,2,,3,44.97,7,104.93,,,PF726103,0
2013-08-10,1,2,,2,29.98,6,89.94,,,PF726103,0
2013-08-17,1,2,,1,14.99,5,74.95,,,PF726103,0
2013-08-24,1,2,,2,29.98,1,14.99,,,PF726103,0
2013-08-31,1,2,,2,29.98,5,74.95,,,PF726103,0
2013-09-07,1,2,,1,14.99,3,44.97,,,PF726103,0
2013-09-14,1,2,,1,14.99,4,59.96,,,PF726103,0
2013-09-21,1,2,,2,31.97,6,95.91,,,PF726103,0
2013-09-28,1,2,,3,44.97,6,89.94,,,PF726103,0
2013-10-05,1,2,,2,29.98,8,119.92,,,PF726103,0
2013-10-12,1,2,,4,53.45,10,133.625,,,PF726103,0
2013-10-19,1,2,,21,286.18,103,1403.644762,,,PF726103,0
2013-10-26,1,2,,22,294.49,90,1204.731818,,,PF726103,0
2013-11-02,1,2,,5,67.14,18,241.704,,,PF726103,0
2013-11-09,1,2,,15,212.26,69,976.396,,,PF726103,0
2013-11-16,1,2,,17,246.33,42,608.58,,,PF726103,0
2013-11-23,1,2,,57,825.89,275,3984.557018,,,PF726103,0
2013-11-30,1,2,,139,2006.62,359,5182.565324,,,PF726103,0
2013-12-07,1,2,,72,1014.56,261,3677.78,,,PF726103,0
2013-12-14,1,2,,-1,-9.51,-2,-19.02,,,PF726103,0
2013-12-21,1,2,,3,51,11,187,,,PF726103,0
2013-12-28,1,2,,-2,-41.01,-9,-184.545,,,PF726103,0
2014-01-04,1,2,,7,52.91,16,120.9371429,,,PF726103,0
2014-01-11,1,2,,5,24.9,16,79.68,,,PF726103,0
2014-01-18,1,2,,13,116.85,55,494.3653846,,,PF726103,0
2014-01-25,1,2,,5,34.92,12,83.808,,,PF726103,0
2014-02-01,1,2,,11,112.93,32,328.5236364,,,PF726103,0
2014-02-08,1,2,,6,64.92,22,238.04,,,PF726103,0
2014-02-15,1,2,,10,130.92,37,484.404,,,PF726103,0
2014-02-22,1,2,,8,90.96,18,204.66,,,PF726103,0
2014-03-01,1,2,,6,90.95,12,181.9,,,PF726103,0
2014-03-08,1,2,,10,140.04,36,504.144,,,PF726103,0
2014-03-15,1,2,,10,133.51,36,480.636,,,PF726103,0
2014-03-22,1,2,,17,249.84,54,793.6094118,,,PF726103,0
2014-03-29,1,2,,13,189.86,60,876.2769231,,,PF726103,0
2014-04-05,1,2,,7,104.93,15,224.85,,,PF726103,0
2014-04-12,1,2,,5,63.96,9,115.128,,,PF726103,0
2014-04-19,1,2,,2,29.08,4,58.16,,,PF726103,0
2014-04-26,1,2,,6,85.45,19,270.5916667,,,PF726103,0
2014-05-03,1,2,,4,56.76,7,99.33,,,PF726103,0
2014-05-10,1,2,,7,86.14,15,184.5857143,,,PF726103,0
2014-05-17,1,2,,2,28.38,7,99.33,,,PF726103,0
2014-05-31,1,2,,4,38.38,14,134.33,,,PF726103,0
2014-06-07,1,2,,6,79.36,23,304.2133333,,,PF726103,0
2014-06-14,1,2,,7,94.14,25,336.2142857,,,PF726103,0
2014-06-21,1,2,,2,24.57,6,73.71,,,PF726103,0
2014-06-28,1,2,,6,80.95,19,256.3416667,,,PF726103,0
2014-07-05,1,2,,6,84.54,16,225.44,,,PF726103,0
2014-07-12,1,2,,5,70.45,18,253.62,,,PF726103,0
2014-07-19,1,2,,7,93.54,5,66.81428571,,,PF726103,0
2014-07-26,1,2,,5,70.63,16,226.016,,,PF726103,0
2014-08-02,1,2,,3,44.07,6,88.14,,,PF726103,0
2014-08-09,1,2,,3,44.96,9,134.88,,,PF726103,0
2014-08-16,1,2,,3,33.08,5,55.13333333,,,PF726103,0
2014-08-23,1,2,,3,44.16,8,117.76,,,PF726103,0
2014-08-30,1,2,,1,14.99,2,29.98,,,PF726103,0
2014-09-06,1,2,,3,44.96,4,59.94666667,,,PF726103,0
2014-09-13,1,2,,1,14.99,3,44.97,,,PF726103,0
2014-09-20,1,2,,4,59.96,16,239.84,,,PF726103,0
2014-09-27,1,2,,4,48.97,12,146.91,,,PF726103,0
2014-10-04,1,2,,2,30.97,6,92.91,,,PF726103,0
2014-10-11,1,2,,4,63.94,19,303.715,,,PF726103,0
2014-10-25,1,2,,8,103.94,24,311.82,,,PF726103,0
2014-11-01,1,2,,8,98.32,39,479.31,,,PF726103,0
2014-11-08,1,2,,17,192.24,50,565.4117647,,,PF726103,0
2014-11-15,1,2,,39,442.82,124,1407.940513,,,PF726103,0
2014-11-22,1,2,,36,408.65,162,1838.925,,,PF726103,0
2014-11-29,1,2,,19,147.8,36,280.0421053,,,PF726103,0
2014-12-06,1,2,,49,390.53,209,1665.73,,,PF726103,0
2014-12-13,1,2,,15,172.02,46,527.528,,,PF726103,0
2014-12-20,1,2,,135,1530.9,426,4830.84,,,PF726103,0
2014-12-27,1,2,,7,62.44,31,276.52,,,PF726103,0
2013-01-05,1,2,,466,9239.8,631,12511.403,,,PF723001,0
2013-01-12,1,2,,559,10994.36,2412,47438.99163,,,PF723001,0
2013-01-19,1,2,,523,10368.92,1445,28648.35449,,,PF723001,0
2013-01-26,1,2,,609,11993.07,1891,37239.56547,,,PF723001,0
2013-02-02,1,2,,973,17358.92,3443,61425.24312,,,PF723001,0
2013-02-09,1,2,,1074,19192.98,4170,74520.22961,,,PF723001,0
2013-02-16,1,2,,1046,18671.38,1799,32112.63157,,,PF723001,0
2013-02-23,1,2,,606,12077.58,1318,26267.74,,,PF723001,0
2013-03-02,1,2,,666,13209.74,1339,26558.32111,,,PF723001,0
2013-03-09,1,2,,714,14129.96,1406,27824.54308,,,PF723001,0
2013-03-16,1,2,,725,14360.35,3323,65819.92145,,,PF723001,0
2013-03-23,1,2,,770,15217.2,1438,28418.61506,,,PF723001,0
2013-03-30,1,2,,1049,18590.44,-264,-4678.623603,,,PF723001,0
2013-04-06,1,2,,1113,22046.15,3697,73229.66447,,,PF723001,0
2013-04-13,1,2,,997,17706.85,4284,76084.3986,,,PF723001,0
2013-04-20,1,2,,1080,19159.5,2447,43410.45972,,,PF723001,0
2013-04-27,1,2,,1192,21170.44,3155,56034.17634,,,PF723001,0
2013-05-04,1,2,,1338,23776.98,2166,38490.98556,,,PF723001,0
2013-05-11,1,2,,1396,24807.64,3013,53542.56398,,,PF723001,0
2013-05-18,1,2,,1460,25930.12,5187,92122.96742,,,PF723001,0
2013-05-25,1,2,,1407,24988.45,5022,89191.18401,,,PF723001,0
2013-06-01,1,2,,1410,25056.06,6237,110833.0824,,,PF723001,0
2013-06-08,1,2,,1405,24940.19,3630,64436.22043,,,PF723001,0
2013-06-15,1,2,,900,17864.65,2647,52541.92061,,,PF723001,0
2013-06-22,1,2,,832,16393.56,2268,44688.21404,,,PF723001,0
2013-06-29,1,2,,875,16831.25,1730,33277.78571,,,PF723001,0
2013-07-06,1,2,,978,18295.14,3865,72301.34571,,,PF723001,0
2013-07-13,1,2,,1068,18891.12,4211,74485.49281,,,PF723001,0
2013-07-20,1,2,,953,17228.26,2275,41127.27335,,,PF723001,0
2013-07-27,1,2,,969,17179.73,3905,69233.07085,,,PF723001,0
2013-08-03,1,2,,675,13058.92,1740,33662.99378,,,PF723001,0
2013-08-10,1,2,,634,12484.58,1053,20735.43019,,,PF723001,0
2013-08-17,1,2,,673,13049.27,887,17198.6664,,,PF723001,0
2013-08-24,1,2,,713,13715.97,2195,42225.18114,,,PF723001,0
2013-08-31,1,2,,590,11251.23,1766,33677.41047,,,PF723001,0
2013-09-07,1,2,,543,10402.78,1854,35518.8842,,,PF723001,0
2013-09-14,1,2,,563,10853.47,2112,40714.97094,,,PF723001,0
2013-09-21,1,2,,542,10408.72,1805,34663.7262,,,PF723001,0
2013-09-28,1,2,,527,10140.43,1575,30305.83918,,,PF723001,0
2013-10-05,1,2,,537,10335.09,1362,26213.02156,,,PF723001,0
2013-10-12,1,2,,620,11926.36,1331,25603.20187,,,PF723001,0
2013-10-19,1,2,,1022,17732.4,3467,60154.82466,,,PF723001,0
2013-10-26,1,2,,639,12273.47,1351,25949.07351,,,PF723001,0
2013-11-02,1,2,,607,11609.63,2322,44411.13815,,,PF723001,0
2013-11-09,1,2,,781,14755.4,2728,51539.98873,,,PF723001,0
2013-11-16,1,2,,939,17633.01,2137,40129.65109,,,PF723001,0
2013-11-23,1,2,,1596,30220.86,3330,63054.80188,,,PF723001,0
2013-11-30,1,2,,1562,29702.18,5706,108502.3298,,,PF723001,0
2013-12-07,1,2,,2240,42638.95,5353,101895.6694,,,PF723001,0
2013-12-14,1,2,,2789,53088.65,6774,128943.175,,,PF723001,0
2013-12-21,1,2,,4827,92594.78,16515,316801.9042,,,PF723001,0
2013-12-28,1,2,,1890,36524.04,3008,58129.26578,,,PF723001,0
2014-01-04,1,2,,379,7380.14,1304,25392.35504,,,PF723001,0
2014-01-11,1,2,,353,6789.21,994,19117.49218,,,PF723001,0
2014-01-18,1,2,,369,7040.01,1442,27511.36699,,,PF723001,0
2014-01-25,1,2,,298,5791.52,767,14906.36188,,,PF723001,0
2014-02-01,1,2,,364,7019.66,1306,25185.92297,,,PF723001,0
2014-02-08,1,2,,427,8172.48,1200,22967.15691,,,PF723001,0
2014-02-15,1,2,,470,9042.3,1231,23683.13043,,,PF723001,0
2014-02-22,1,2,,473,9081.39,1527,29317.72205,,,PF723001,0
2014-03-01,1,2,,515,9861.93,1269,24300.5615,,,PF723001,0
2014-03-08,1,2,,435,8338.77,1372,26300.67228,,,PF723001,0
2014-03-15,1,2,,436,8340.54,1509,28866.68546,,,PF723001,0
2014-03-22,1,2,,721,12760.38,3632,64279.75057,,,PF723001,0
2014-03-29,1,2,,606,11652.18,1735,33360.61436,,,PF723001,0
2014-04-05,1,2,,387,7433.39,1335,25642.31434,,,PF723001,0
2014-04-12,1,2,,454,8679.96,1502,28716.51965,,,PF723001,0
2014-04-19,1,2,,465,8945.1,1758,33818.24903,,,PF723001,0
2014-04-26,1,2,,402,7724.83,1406,27017.689,,,PF723001,0
2014-05-03,1,2,,445,8581.35,832,16044.23191,,,PF723001,0
2014-05-10,1,2,,437,8407.13,1438,27664.65204,,,PF723001,0
2014-05-17,1,2,,382,7291.98,1495,28537.98455,,,PF723001,0
2014-05-24,1,2,,407,7797.44,1234,23641.37828,,,PF723001,0
2014-05-31,1,2,,418,8017.05,933,17894.51591,,,PF723001,0
2014-06-07,1,2,,395,7611.37,1030,19847.36987,,,PF723001,0
2014-06-14,1,2,,434,8310.94,600,11489.7788,,,PF723001,0
2014-06-21,1,2,,406,7786.51,1445,27713.07131,,,PF723001,0
2014-06-28,1,2,,419,8048.33,575,11044.84427,,,PF723001,0
2014-07-05,1,2,,419,7629.75,1393,25365.7321,,,PF723001,0
2014-07-12,1,2,,501,8542.89,1755,29925.69251,,,PF723001,0
2014-07-19,1,2,,537,9022.83,1673,28110.23201,,,PF723001,0
2014-07-26,1,2,,493,8443.9,1135,19439.81034,,,PF723001,0
2014-08-02,1,2,,491,7711.99,1741,27345.36576,,,PF723001,0
2014-08-09,1,2,,389,7025.21,964,17409.51784,,,PF723001,0
2014-08-16,1,2,,404,7728.52,819,15667.47,,,PF723001,0
2014-08-23,1,2,,353,6776.55,1608,30868.817,,,PF723001,0
2014-08-30,1,2,,315,6057.21,192,3692.013714,,,PF723001,0
2014-09-06,1,2,,303,5795.27,1452,27771.39287,,,PF723001,0
2014-09-13,1,2,,346,6655.79,1309,25180.43095,,,PF723001,0
2014-09-20,1,2,,357,6804.21,1562,29770.80118,,,PF723001,0
2014-09-27,1,2,,330,6319.56,1183,22654.66509,,,PF723001,0
2014-10-04,1,2,,336,6338.92,1294,24412.38833,,,PF723001,0
2014-10-11,1,2,,456,7654.16,1033,17339.35807,,,PF723001,0
2014-10-18,1,2,,513,8016.83,1524,23816.07977,,,PF723001,0
2014-10-25,1,2,,508,7962.71,1681,26349.04628,,,PF723001,0
2014-11-01,1,2,,505,7875.52,1276,19899.3337,,,PF723001,0
2014-11-08,1,2,,657,10136.56,1723,26583.3986,,,PF723001,0
2014-11-15,1,2,,758,11154.3,3049,44867.3624,,,PF723001,0
2014-11-22,1,2,,1325,19453.95,5372,78872.9203,,,PF723001,0
2014-11-29,1,2,,1405,21311.74,4048,61402.0808,,,PF723001,0
2014-12-06,1,2,,222,2779.44,635,7950.2,,,PF723001,0
2014-12-13,1,2,,118,1539.9,549,7164.45,,,PF723001,0
2014-12-20,1,2,,1,15,3,45,,,PF723001,0
2014-12-27,1,2,,21,309.12,61,897.92,,,PF723001,0
2013-01-05,1,2,,122,3600.65,434,12808.86967,,,PF562001,0
2013-01-12,1,2,,167,4429.68,349,9257.235449,,,PF562001,0
2013-01-19,1,2,,163,4974.23,484,14770.10626,,,PF562001,0
2013-01-26,1,2,,233,7066.89,933,28297.89,,,PF562001,0
2013-02-02,1,2,,249,7507.19,179,5396.73498,,,PF562001,0
2013-02-09,1,2,,308,9233.84,782,23444.36,,,PF562001,0
2013-02-16,1,2,,300,9057,1332,40213.08,,,PF562001,0
2013-02-23,1,2,,286,8545.68,1037,30985.56,,,PF562001,0
2013-03-02,1,2,,252,7437,613,18090.79762,,,PF562001,0
2013-03-09,1,2,,297,8770.87,722,21321.77825,,,PF562001,0
2013-03-16,1,2,,263,7813.73,859,25520.89,,,PF562001,0
2013-03-23,1,2,,231,6890.89,568,16943.83342,,,PF562001,0
2013-03-30,1,2,,216,6251.88,952,27554.58222,,,PF562001,0
2013-04-06,1,2,,1177,23211.52,3355,66163.6785,,,PF562001,0
2013-04-13,1,2,,632,12507.48,2876,56916.95013,,,PF562001,0
2013-04-20,1,2,,701,13823.72,2727,53776.44,,,PF562001,0
2013-04-27,1,2,,191,5907.63,772,23877.96,,,PF562001,0
2013-05-04,1,2,,253,7567.23,1090,32601.9,,,PF562001,0
2013-05-11,1,2,,169,5093.51,537,16184.70337,,,PF562001,0
2013-05-18,1,2,,206,6330.38,475,14596.75,,,PF562001,0
2013-05-25,1,2,,213,6548.11,625,19213.93779,,,PF562001,0
2013-06-01,1,2,,221,6683.04,341,10311.84,,,PF562001,0
2013-06-08,1,2,,216,6616.08,699,21410.37,,,PF562001,0
2013-06-15,1,2,,261,8089.59,820,25415.57011,,,PF562001,0
2013-06-22,1,2,,233,7115.82,1132,34571.28,,,PF562001,0
2013-06-29,1,2,,282,8324.64,546,16117.92,,,PF562001,0
2013-07-06,1,2,,351,9596.34,776,21215.84,,,PF562001,0
2013-07-13,1,2,,564,14015.4,2716,67492.6,,,PF562001,0
2013-07-20,1,2,,620,14663,2365,55932.25,,,PF562001,0
2013-07-27,1,2,,1478,20603.32,4138,57683.72,,,PF562001,0
2013-08-03,1,2,,231,4959.57,671,14406.37,,,PF562001,0
2013-08-10,1,2,,111,3117.99,146,4101.14,,,PF562001,0
2013-08-17,1,2,,112,3470.48,460,14253.75714,,,PF562001,0
2013-08-24,1,2,,162,4770.9,429,12634.05,,,PF562001,0
2013-08-31,1,2,,135,3654.49,162,4385.388,,,PF562001,0
2013-09-07,1,2,,106,3209.84,279,8448.541132,,,PF562001,0
2013-09-14,1,2,,115,3475.39,591,17860.48252,,,PF562001,0
2013-09-21,1,2,,127,3886.69,303,9272.969055,,,PF562001,0
2013-09-28,1,2,,123,3696.15,521,15656.05,,,PF562001,0
2013-10-05,1,2,,108,3265.84,378,11430.44,,,PF562001,0
2013-10-12,1,2,,105,3143.7,484,14490.96,,,PF562001,0
2013-10-19,1,2,,248,6428.12,947,24546.08726,,,PF562001,0
2013-10-26,1,2,,127,3895.74,108,3312.912756,,,PF562001,0
2013-11-02,1,2,,126,3722.44,661,19528.03841,,,PF562001,0
2013-11-09,1,2,,211,6085.6,527,15199.57915,,,PF562001,0
2013-11-16,1,2,,253,7272.28,1046,30066.42245,,,PF562001,0
2013-11-23,1,2,,570,15683.04,1072,29495.12084,,,PF562001,0
2013-11-30,1,2,,747,19243.53,2958,76201.28747,,,PF562001,0
2013-12-07,1,2,,1212,31004.04,3113,79633.31396,,,PF562001,0
2013-12-14,1,2,,2769,61346.92,6686,148127.666,,,PF562001,0
2013-12-21,1,2,,4223,89358.68,17737,375314.92,,,PF562001,0
2013-12-28,1,2,,1141,23379.09,5047,103413.03,,,PF562001,0
2014-01-04,1,2,,317,4647.22,728,10672.48,,,PF562001,0
2014-01-11,1,2,,391,5606.94,1330,19072.2,,,PF562001,0
2014-01-18,1,2,,922,8989.5,1780,17355,,,PF562001,0
2014-01-25,1,2,,38,102.98,131,355.01,,,PF562001,0
2014-02-01,1,2,,-3,-141.99,-9,-425.97,,,PF562001,0
2014-02-08,1,2,,-1,-33,-2,-66,,,PF562001,0
2014-02-15,1,2,,2,24,6,72,,,PF562001,0
2014-08-02,4,5,,13,259.87,62,1239.38,,,PF722002,0
2014-08-09,4,5,,2,39.98,7,139.93,,,PF722002,0
2014-08-16,4,5,,1,19.99,4,79.96,,,PF722002,0
2014-08-23,4,5,,12,234.84,28,547.96,,,PF722002,0
2014-08-30,4,5,,16,318.24,40,795.6,,,PF722002,0
2014-09-06,4,5,,9,179.82,9,179.82,,,PF722002,0
2014-09-13,4,5,,5,99.85,11,219.67,,,PF722002,0
2014-09-20,4,5,,15,299.7,24,479.52,,,PF722002,0
2014-09-27,4,5,,9,178.92,22,437.36,,,PF722002,0
2014-10-04,4,5,,7,117.32,13,217.88,,,PF722002,0
2014-10-11,4,5,,4,77.84,15,291.9,,,PF722002,0
2014-10-18,4,5,,3,47.97,8,127.92,,,PF722002,0
2014-10-25,4,5,,11,208.12,26,491.92,,,PF722002,0
2014-11-01,4,5,,28,451.64,98,1580.74,,,PF722002,0
2014-11-08,4,5,,32,479.68,103,1543.97,,,PF722002,0
2014-11-15,4,5,,11,165.88,29,437.32,,,PF722002,0
2014-11-22,4,5,,123,1842.54,280,4194.4,,,PF722002,0
2014-11-29,4,5,,137,2050.89,421,6302.37,,,PF722002,0
2014-12-06,4,5,,40,529.6,110,1456.4,,,PF722002,0
2014-12-13,4,5,,30,369.6,90,1108.8,,,PF722002,0
2014-12-20,4,5,,293,1740.42,1161,6896.34,,,PF722002,0
2014-12-27,4,5,,126,725.76,379,2183.04,,,PF722002,0
2013-01-05,4,5,,12,244.8,24,489.6,,,PF726100,0
2013-01-12,4,5,,68,1391.96,62,1269.14,,,PF726100,0
2013-01-19,4,5,,128,2586.88,425,8589.25,,,PF726100,0
2013-01-26,4,5,,53,1039.33,214,4196.54,,,PF726100,0
2013-02-02,4,5,,3,59.91,2,39.94,,,PF726100,0
2013-02-09,4,5,,10,199.7,41,818.77,,,PF726100,0
2013-02-16,4,5,,83,1657.51,303,6050.91,,,PF726100,0
2013-02-23,4,5,,173,3454.81,514,10264.58,,,PF726100,0
2013-03-02,4,5,,160,3195.2,615,12281.55,,,PF726100,0
2013-03-09,4,5,,196,3894.52,519,10312.53,,,PF726100,0
2013-03-16,4,5,,171,3375.54,625,12337.5,,,PF726100,0
2013-03-23,4,5,,178,3554.66,392,7828.24,,,PF726100,0
2013-03-30,4,5,,181,3705.07,442,9047.74,,,PF726100,0
2013-04-06,4,5,,183,3555.69,733,14242.19,,,PF726100,0
2013-04-13,4,5,,128,2664.96,473,9847.86,,,PF726100,0
2013-04-20,4,5,,141,3041.37,627,13524.39,,,PF726100,0
2013-04-27,4,5,,190,4113.5,311,6733.15,,,PF726100,0
2013-05-04,4,5,,156,3330.6,649,13856.15,,,PF726100,0
2013-05-11,4,5,,155,3358.85,822,17812.74,,,PF726100,0
2013-05-18,4,5,,174,3591.36,540,11145.6,,,PF726100,0
2013-05-25,4,5,,187,3758.7,714,14351.4,,,PF726100,0
2013-06-01,4,5,,133,2896.74,453,9866.34,,,PF726100,0
2013-06-08,4,5,,138,2991.84,394,8541.92,,,PF726100,0
2013-06-15,4,5,,158,3433.34,702,15254.46,,,PF726100,0
2013-06-22,4,5,,134,2910.48,516,11207.52,,,PF726100,0
2013-06-29,4,5,,139,2974.6,689,14744.6,,,PF726100,0
2013-07-06,4,5,,160,3494.4,592,12929.28,,,PF726100,0
2013-07-13,4,5,,177,3869.22,638,13946.68,,,PF726100,0
2013-07-20,4,5,,219,4421.61,869,17545.11,,,PF726100,0
2013-07-27,4,5,,213,4255.74,987,19720.26,,,PF726100,0
2013-08-03,4,5,,232,4633.04,745,14877.65,,,PF726100,0
2013-08-10,4,5,,252,5032.44,672,13419.84,,,PF726100,0
2013-08-17,4,5,,233,4653.01,1063,21228.11,,,PF726100,0
2013-08-24,4,5,,257,5034.63,392,7679.28,,,PF726100,0
2013-08-31,4,5,,211,4154.59,790,15555.1,,,PF726100,0
2013-09-07,4,5,,234,4672.98,1135,22665.95,,,PF726100,0
2013-09-14,4,5,,264,5232.48,567,11237.94,,,PF726100,0
2013-09-21,4,5,,276,5431.68,571,11237.28,,,PF726100,0
2013-09-28,4,5,,264,5266.8,846,16877.7,,,PF726100,0
2013-10-05,4,5,,265,5289.4,773,15429.08,,,PF726100,0
2013-10-12,4,5,,200,3974,844,16770.28,,,PF726100,0
2013-10-19,4,5,,94,1967.42,12,251.16,,,PF726100,0
2013-10-26,4,5,,55,1159.4,220,4637.6,,,PF726100,0
2013-11-02,4,5,,55,1083.5,65,1280.5,,,PF726100,0
2013-11-09,4,5,,106,1841.22,20,347.4,,,PF726100,0
2013-11-16,4,5,,96,1661.76,437,7564.47,,,PF726100,0
2013-11-23,4,5,,66,1137.18,144,2481.12,,,PF726100,0
2013-11-30,4,5,,161,2608.2,146,2365.2,,,PF726100,0
2013-12-07,4,5,,1647,22563.9,3428,46963.6,,,PF726100,0
2013-12-14,4,5,,1400,23828,3352,57051.04,,,PF726100,0
2013-12-21,4,5,,3427,52604.45,15624,239828.4,,,PF726100,0
2013-12-28,4,5,,228,4457.4,856,16734.8,,,PF726100,0
2014-01-04,4,5,,97,1993.35,387,7952.85,,,PF726100,0
2014-01-11,4,5,,39,825.24,139,2941.24,,,PF726100,0
2014-01-18,4,5,,12,262.56,23,503.24,,,PF726100,0
2014-01-25,4,5,,8,173.04,32,692.16,,,PF726100,0
2014-02-01,4,5,,11,175.01,35,556.85,,,PF726100,0
2014-02-08,4,5,,12,262.56,37,809.56,,,PF726100,0
2014-02-15,4,5,,52,1136.72,273,5967.78,,,PF726100,0
2014-02-22,4,5,,119,2582.3,418,9070.6,,,PF726100,0
2014-03-01,4,5,,127,2778.76,499,10918.12,,,PF726100,0
2014-03-08,4,5,,149,3260.12,393,8598.84,,,PF726100,0
2014-03-15,4,5,,160,3478.4,751,16326.74,,,PF726100,0
2014-03-22,4,5,,164,3567,422,9178.5,,,PF726100,0
2014-03-29,4,5,,132,2849.88,369,7966.71,,,PF726100,0
2014-04-05,4,5,,117,2405.52,319,6558.64,,,PF726100,0
2014-04-12,4,5,,127,2772.41,523,11417.09,,,PF726100,0
2014-04-19,4,5,,129,2778.66,365,7862.1,,,PF726100,0
2014-04-26,4,5,,131,2844.01,508,11028.68,,,PF726100,0
2014-05-03,4,5,,114,2473.8,354,7681.8,,,PF726100,0
2014-05-10,4,5,,131,2761.48,587,12373.96,,,PF726100,0
2014-05-17,4,5,,134,2808.64,439,9201.44,,,PF726100,0
2014-05-24,4,5,,140,2935.8,324,6794.28,,,PF726100,0
2014-05-31,4,5,,104,2180.88,372,7800.84,,,PF726100,0
2014-06-07,4,5,,107,2243.79,406,8513.82,,,PF726100,0
2014-06-14,4,5,,133,2089.43,205,3220.55,,,PF726100,0
2014-06-21,4,5,,67,1189.25,197,3496.75,,,PF726100,0
2014-06-28,4,5,,31,629.3,82,1664.6,,,PF726100,0
2014-07-05,4,5,,31,629.3,79,1603.7,,,PF726100,0
2014-07-12,4,5,,36,717.12,41,816.72,,,PF726100,0
2014-07-19,4,5,,35,672.7,24,461.28,,,PF726100,0
2014-07-26,4,5,,19,336.49,44,779.24,,,PF726100,0
2014-08-02,4,5,,33,613.47,62,1152.58,,,PF726100,0
2014-08-09,4,5,,26,474.76,83,1515.58,,,PF726100,0
2014-08-16,4,5,,41,791.71,62,1197.22,,,PF726100,0
2014-08-23,4,5,,69,1231.65,213,3802.05,,,PF726100,0
2014-08-30,4,5,,16,316.64,40,791.6,,,PF726100,0
2014-09-06,4,5,,76,1492.64,228,4477.92,,,PF726100,0
2014-09-13,4,5,,167,3258.17,450,8779.5,,,PF726100,0
2014-09-20,4,5,,59,1147.55,173,3364.85,,,PF726100,0
2014-09-27,4,5,,66,1306.14,133,2632.07,,,PF726100,0
2014-10-04,4,5,,180,3562.2,510,10092.9,,,PF726100,0
2014-10-11,4,5,,85,1662.6,100,1956,,,PF726100,0
2014-10-18,4,5,,37,732.23,57,1128.03,,,PF726100,0
2014-10-25,4,5,,34,672.86,90,1781.1,,,PF726100,0
2014-11-01,4,5,,443,5918.48,618,8256.48,,,PF726100,0
2014-11-08,4,5,,721,9719.08,1773,23900.04,,,PF726100,0
2014-11-15,4,5,,139,2201.76,156,2471.04,,,PF726100,0
2014-11-22,4,5,,186,3162,657,11169,,,PF726100,0
2014-11-29,4,5,,1285,17912.9,1227,17104.38,,,PF726100,0
2014-12-06,4,5,,4012,49668.56,8222,101788.36,,,PF726100,0
2014-12-13,4,5,,4878,74243.16,20765,316043.3,,,PF726100,0
2014-12-20,4,5,,1106,18215.82,3290,54186.3,,,PF726100,0
2014-12-27,4,5,,29,377.87,48,625.44,,,PF726100,0
2013-07-06,4,5,,1,14.99,4,59.96,,,PF726103,0
2013-07-13,4,5,,7,104.93,22,329.78,,,PF726103,0
2013-07-20,4,5,,13,194.87,16,239.84,,,PF726103,0
2013-07-27,4,5,,12,179.88,43,644.57,,,PF726103,0
2013-08-03,4,5,,20,284.6,42,597.66,,,PF726103,0
2013-08-10,4,5,,24,334.08,97,1350.24,,,PF726103,0
2013-08-17,4,5,,20,279.2,32,446.72,,,PF726103,0
2013-08-24,4,5,,31,427.49,132,1820.28,,,PF726103,0
2013-08-31,4,5,,41,488.72,124,1478.08,,,PF726103,0
2013-09-07,4,5,,46,517.04,190,2135.6,,,PF726103,0
2013-09-14,4,5,,47,603.48,222,2850.48,,,PF726103,0
2013-09-21,4,5,,42,571.2,100,1360,,,PF726103,0
2013-09-28,4,5,,37,491.73,151,2006.79,,,PF726103,0
2013-10-05,4,5,,58,792.28,198,2704.68,,,PF726103,0
2013-10-12,4,5,,52,710.32,194,2650.04,,,PF726103,0
2013-10-19,4,5,,75,1024.5,206,2813.96,,,PF726103,0
2013-10-26,4,5,,82,1120.12,90,1229.4,,,PF726103,0
2013-11-02,4,5,,66,902.88,197,2694.96,,,PF726103,0
2013-11-09,4,5,,58,821.28,140,1982.4,,,PF726103,0
2013-11-16,4,5,,81,1168.02,310,4470.2,,,PF726103,0
2013-11-23,4,5,,102,1470.84,406,5854.52,,,PF726103,0
2013-11-30,4,5,,200,2922,364,5318.04,,,PF726103,0
2013-12-07,4,5,,326,4202.14,1092,14075.88,,,PF726103,0
2013-12-14,4,5,,650,6779.5,2396,24990.28,,,PF726103,0
2013-12-21,4,5,,3325,30257.5,11711,106570.1,,,PF726103,0
2013-12-28,4,5,,210,2043.3,989,9622.97,,,PF726103,0
2014-01-04,4,5,,91,1144.78,310,3899.8,,,PF726103,0
2014-01-11,4,5,,84,1078.56,211,2709.24,,,PF726103,0
2014-01-18,4,5,,82,1059.44,297,3837.24,,,PF726103,0
2014-01-25,4,5,,67,846.88,89,1124.96,,,PF726103,0
2014-02-01,4,5,,72,872.64,251,3042.12,,,PF726103,0
2014-02-08,4,5,,56,745.92,168,2237.76,,,PF726103,0
2014-02-15,4,5,,70,1047.2,302,4517.92,,,PF726103,0
2014-02-22,4,5,,53,763.2,163,2347.2,,,PF726103,0
2014-03-01,4,5,,47,675.39,118,1695.66,,,PF726103,0
2014-03-08,4,5,,74,1047.1,120,1698,,,PF726103,0
2014-03-15,4,5,,68,1001.64,247,3638.31,,,PF726103,0
2014-03-22,4,5,,66,974.16,232,3424.32,,,PF726103,0
2014-03-29,4,5,,50,749.5,35,524.65,,,PF726103,0
2014-04-05,4,5,,40,584.8,120,1754.4,,,PF726103,0
2014-04-12,4,5,,39,580.71,93,1384.77,,,PF726103,0
2014-04-19,4,5,,35,500.15,74,1057.46,,,PF726103,0
2014-04-26,4,5,,38,538.46,173,2451.41,,,PF726103,0
2014-05-03,4,5,,37,525.03,105,1489.95,,,PF726103,0
2014-05-10,4,5,,37,525.03,92,1305.48,,,PF726103,0
2014-05-17,4,5,,32,449.92,104,1462.24,,,PF726103,0
2014-05-24,4,5,,35,492.1,36,506.16,,,PF726103,0
2014-05-31,4,5,,32,449.92,118,1659.08,,,PF726103,0
2014-06-07,4,5,,48,633.6,190,2508,,,PF726103,0
2014-06-14,4,5,,51,669.63,123,1614.99,,,PF726103,0
2014-06-21,4,5,,56,744.24,203,2697.87,,,PF726103,0
2014-06-28,4,5,,52,696.8,213,2854.2,,,PF726103,0
2014-07-05,4,5,,51,713.49,146,2042.54,,,PF726103,0
2014-07-12,4,5,,52,717.08,162,2233.98,,,PF726103,0
2014-07-19,4,5,,50,703,149,2094.94,,,PF726103,0
2014-07-26,4,5,,41,581.38,139,1971.02,,,PF726103,0
2014-08-02,4,5,,54,800.82,68,1008.44,,,PF726103,0
2014-08-09,4,5,,53,777.51,113,1657.71,,,PF726103,0
2014-08-16,4,5,,60,835.2,204,2839.68,,,PF726103,0
2014-08-23,4,5,,53,793.41,95,1422.15,,,PF726103,0
2014-08-30,4,5,,57,851.01,143,2134.99,,,PF726103,0
2014-09-06,4,5,,57,854.43,188,2818.12,,,PF726103,0
2014-09-13,4,5,,63,944.37,291,4362.09,,,PF726103,0
2014-09-20,4,5,,60,899.4,23,344.77,,,PF726103,0
2014-09-27,4,5,,64,914.56,116,1657.64,,,PF726103,0
2014-10-04,4,5,,57,820.8,188,2707.2,,,PF726103,0
2014-10-11,4,5,,44,655.6,178,2652.2,,,PF726103,0
2014-10-18,4,5,,77,1010.24,177,2322.24,,,PF726103,0
2014-10-25,4,5,,75,1079.25,250,3597.5,,,PF726103,0
2014-11-01,4,5,,99,1161.27,221,2592.33,,,PF726103,0
2014-11-08,4,5,,176,1997.6,815,9250.25,,,PF726103,0
2014-11-15,4,5,,229,2608.31,1038,11822.82,,,PF726103,0
2014-11-22,4,5,,302,3687.42,1335,16300.35,,,PF726103,0
2014-11-29,4,5,,507,6342.57,949,11871.99,,,PF726103,0
2014-12-06,4,5,,1039,11927.72,2155,24739.4,,,PF726103,0
2014-12-13,4,5,,1150,12891.5,1564,17532.44,,,PF726103,0
2014-12-20,4,5,,1271,14400.43,4947,56049.51,,,PF726103,0
2014-12-27,4,5,,216,2436.48,477,5380.56,,,PF726103,0
2013-01-05,4,5,,36,540,155,2325,,,PF723001,0
2013-01-12,4,5,,41,601.47,188,2757.96,,,PF723001,0
2013-01-19,4,5,,29,435,91,1365,,,PF723001,0
2013-01-26,4,5,,33,497.64,87,1311.96,,,PF723001,0
2013-02-02,4,5,,17,270.98,40,637.6,,,PF723001,0
2013-02-09,4,5,,28,449.96,36,578.52,,,PF723001,0
2013-02-16,4,5,,17,248.37,63,920.43,,,PF723001,0
2013-02-23,4,5,,35,476.35,75,1020.75,,,PF723001,0
2013-03-02,4,5,,33,462,92,1288,,,PF723001,0
2013-03-09,4,5,,38,532,113,1582,,,PF723001,0
2013-03-16,4,5,,41,574,135,1890,,,PF723001,0
2013-03-23,4,5,,38,532,50,700,,,PF723001,0
2013-03-30,4,5,,26,430.82,80,1325.6,,,PF723001,0
2013-04-06,4,5,,33,482.46,92,1345.04,,,PF723001,0
2013-04-13,4,5,,39,531.96,133,1814.12,,,PF723001,0
2013-04-20,4,5,,42,588,104,1456,,,PF723001,0
2013-04-27,4,5,,35,490,157,2198,,,PF723001,0
2013-05-04,4,5,,50,687,199,2734.26,,,PF723001,0
2013-05-11,4,5,,36,504,81,1134,,,PF723001,0
2013-05-18,4,5,,33,462,-6,-84,,,PF723001,0
2013-05-25,4,5,,47,658,140,1960,,,PF723001,0
2013-06-01,4,5,,34,476,74,1036,,,PF723001,0
2013-06-08,4,5,,51,714,203,2842,,,PF723001,0
2013-06-15,4,5,,40,560,142,1988,,,PF723001,0
2013-06-22,4,5,,39,551.85,102,1443.3,,,PF723001,0
2013-06-29,4,5,,28,470.12,64,1074.56,,,PF723001,0
2013-07-06,4,5,,22,374,67,1139,,,PF723001,0
2013-07-13,4,5,,32,544,119,2023,,,PF723001,0
2013-07-20,4,5,,29,493,75,1275,,,PF723001,0
2013-07-27,4,5,,39,663,135,2295,,,PF723001,0
2013-08-03,4,5,,49,833,204,3468,,,PF723001,0
2013-08-10,4,5,,49,833,232,3944,,,PF723001,0
2013-08-17,4,5,,32,544,103,1751,,,PF723001,0
2013-08-24,4,5,,36,612,113,1921,,,PF723001,0
2013-08-31,4,5,,40,675.6,43,726.27,,,PF723001,0
2013-09-07,4,5,,39,642.33,91,1498.77,,,PF723001,0
2013-09-14,4,5,,54,918,145,2465,,,PF723001,0
2013-09-21,4,5,,82,1394,200,3400,,,PF723001,0
2013-09-28,4,5,,51,863.94,257,4353.58,,,PF723001,0
2013-10-05,4,5,,57,965.58,153,2591.82,,,PF723001,0
2013-10-12,4,5,,51,867,137,2329,,,PF723001,0
2013-10-19,4,5,,51,865.98,184,3124.32,,,PF723001,0
2013-10-26,4,5,,61,1035.78,179,3039.42,,,PF723001,0
2013-11-02,4,5,,62,1054,179,3043,,,PF723001,0
2013-11-09,4,5,,89,1513,308,5236,,,PF723001,0
2013-11-16,4,5,,122,2074,299,5083,,,PF723001,0
2013-11-23,4,5,,207,3502.44,727,12300.84,,,PF723001,0
2013-11-30,4,5,,459,7702.02,594,9967.32,,,PF723001,0
2013-12-07,4,5,,956,13584.76,2571,36533.91,,,PF723001,0
2013-12-14,4,5,,747,12609.36,2427,40967.76,,,PF723001,0
2013-12-21,4,5,,750,12855,1687,28915.18,,,PF723001,0
2013-12-28,4,5,,69,1215.78,302,5321.24,,,PF723001,0
2014-01-04,4,5,,37,631.59,109,1860.63,,,PF723001,0
2014-01-11,4,5,,51,905.25,135,2396.25,,,PF723001,0
2014-01-18,4,5,,52,941.72,163,2951.93,,,PF723001,0
2014-01-25,4,5,,32,542.08,150,2541,,,PF723001,0
2014-02-01,4,5,,39,677.04,92,1597.12,,,PF723001,0
2014-02-08,4,5,,48,887.52,113,2089.37,,,PF723001,0
2014-02-15,4,5,,52,981.76,142,2680.96,,,PF723001,0
2014-02-22,4,5,,35,655.2,131,2452.32,,,PF723001,0
2014-03-01,4,5,,51,915.45,177,3177.15,,,PF723001,0
2014-03-08,4,5,,58,962.8,147,2440.2,,,PF723001,0
2014-03-15,4,5,,35,647.15,102,1885.98,,,PF723001,0
2014-03-22,4,5,,41,758.09,126,2329.74,,,PF723001,0
2014-03-29,4,5,,48,890.4,170,3153.5,,,PF723001,0
2014-04-05,4,5,,37,686.35,113,2096.15,,,PF723001,0
2014-04-12,4,5,,27,497.88,128,2360.32,,,PF723001,0
2014-04-19,4,5,,35,622.3,146,2595.88,,,PF723001,0
2014-04-26,4,5,,35,677.25,131,2534.85,,,PF723001,0
2014-05-03,4,5,,42,810.18,127,2449.83,,,PF723001,0
2014-05-10,4,5,,19,376.01,66,1306.14,,,PF723001,0
2014-05-17,4,5,,24,449.76,57,1068.18,,,PF723001,0
2014-05-24,4,5,,28,542.08,77,1490.72,,,PF723001,0
2014-05-31,4,5,,25,499.75,95,1899.05,,,PF723001,0
2014-06-07,4,5,,37,739.63,153,3058.47,,,PF723001,0
2014-06-14,4,5,,30,599.7,125,2498.75,,,PF723001,0
2014-06-21,4,5,,33,638.55,101,1954.35,,,PF723001,0
2014-06-28,4,5,,35,650.65,124,2305.16,,,PF723001,0
2014-07-05,4,5,,43,811.84,183,3455.04,,,PF723001,0
2014-07-12,4,5,,29,547.52,49,925.12,,,PF723001,0
2014-07-19,4,5,,34,641.92,95,1793.6,,,PF723001,0
2014-07-26,4,5,,32,604.16,105,1982.4,,,PF723001,0
2014-08-02,4,5,,33,604.23,74,1354.94,,,PF723001,0
2014-08-09,4,5,,44,830.72,92,1736.96,,,PF723001,0
2014-08-16,4,5,,51,962.88,209,3945.92,,,PF723001,0
2014-08-23,4,5,,48,906.24,139,2624.32,,,PF723001,0
2014-08-30,4,5,,60,1132.8,253,4776.64,,,PF723001,0
2014-09-06,4,5,,30,566.4,88,1661.44,,,PF723001,0
2014-09-13,4,5,,36,679.68,120,2265.6,,,PF723001,0
2014-09-20,4,5,,52,955.24,131,2406.47,,,PF723001,0
2014-09-27,4,5,,56,843.36,165,2484.9,,,PF723001,0
2014-10-04,4,5,,103,1545,331,4965,,,PF723001,0
2014-10-11,4,5,,87,1290.21,365,5412.95,,,PF723001,0
2014-10-18,4,5,,77,1155,136,2040,,,PF723001,0
2014-10-25,4,5,,96,1424.64,457,6781.88,,,PF723001,0
2014-11-01,4,5,,92,1380,275,4125,,,PF723001,0
2014-11-08,4,5,,108,1605.96,359,5338.33,,,PF723001,0
2014-11-15,4,5,,185,2656.6,243,3489.48,,,PF723001,0
2014-11-22,4,5,,276,3919.2,762,10820.4,,,PF723001,0
2014-11-29,4,5,,494,6515.86,784,10340.96,,,PF723001,0
2014-12-06,4,5,,1080,14288.4,4847,64125.81,,,PF723001,0
2014-12-13,4,5,,2234,24127.2,7824,84499.2,,,PF723001,0
2014-12-20,4,5,,119,1316.14,258,2853.48,,,PF723001,0
2014-12-27,4,5,,86,1121.44,312,4068.48,,,PF723001,0
2013-01-05,4,5,,3,31.14,12,124.56,,,PF723101,0
2013-01-05,4,5,,1,17.97,1,17.97,,,PF900000,0
2013-01-12,4,5,,1,13.96,2,27.92,,,PF900000,0
2013-01-19,4,5,,5,96.35,14,269.78,,,PF723101,0
2013-01-26,4,5,,17,335.58,98,1934.52,,,PF723101,0
2013-01-26,4,5,,1,18,4,72,,,PF900000,0
2013-02-02,4,5,,2,39.32,8,157.28,,,PF723101,0
2013-02-02,4,5,,1,18,2,36,,,PF900000,0
2013-02-09,4,5,,8,155.92,32,623.68,,,PF723101,0
2013-02-16,4,5,,1,19.36,3,58.08,,,PF723101,0
2013-02-23,4,5,,15,287.25,42,804.3,,,PF723101,0
2013-03-02,4,5,,9,165.33,39,716.43,,,PF723101,0
2013-01-05,4,5,,62,1070.74,109,1882.43,,,PF562001,0
2013-01-12,4,5,,56,1100.4,256,5030.4,,,PF562001,0
2013-01-19,4,5,,46,900.22,105,2054.85,,,PF562001,0
2013-01-26,4,5,,38,763.42,193,3877.37,,,PF562001,0
2013-02-02,4,5,,23,483.46,85,1786.7,,,PF562001,0
2013-02-09,4,5,,37,756.28,155,3168.2,,,PF562001,0
2013-02-16,4,5,,41,781.46,69,1315.14,,,PF562001,0
2013-02-23,4,5,,37,756.65,103,2106.35,,,PF562001,0
2013-03-02,4,5,,19,468.73,69,1702.23,,,PF562001,0
2013-03-09,4,5,,17,394.4,69,1600.8,,,PF562001,0
2013-03-16,4,5,,15,347.1,32,740.48,,,PF562001,0
2013-03-23,4,5,,14,343.7,36,883.8,,,PF562001,0
2013-03-30,4,5,,17,406.13,57,1361.73,,,PF562001,0
2013-04-06,4,5,,24,519.36,82,1774.48,,,PF562001,0
2013-04-13,4,5,,14,279.86,32,639.68,,,PF562001,0
2013-04-20,4,5,,18,359.82,54,1079.46,,,PF562001,0
2013-04-27,4,5,,14,304.22,49,1064.77,,,PF562001,0
2013-05-04,4,5,,9,207.36,8,184.32,,,PF562001,0
2013-05-11,4,5,,13,299.52,18,414.72,,,PF562001,0
2013-05-18,4,5,,10,230.4,22,506.88,,,PF562001,0
2013-05-25,4,5,,5,115.2,12,276.48,,,PF562001,0
2013-06-01,4,5,,4,88.96,22,489.28,,,PF562001,0
2013-06-08,4,5,,9,199.89,17,377.57,,,PF562001,0
2013-06-15,4,5,,5,111.3,14,311.64,,,PF562001,0
2013-06-22,4,5,,5,111.3,11,244.86,,,PF562001,0
2013-06-29,4,5,,8,184.32,21,483.84,,,PF562001,0
2013-07-06,4,5,,6,138.24,15,345.6,,,PF562001,0
2013-07-13,4,5,,10,189.2,2,37.84,,,PF562001,0
2013-07-20,4,5,,17,341.7,72,1447.2,,,PF562001,0
2013-07-27,4,5,,10,230.4,26,599.04,,,PF562001,0
2013-08-03,4,5,,15,342.6,49,1119.16,,,PF562001,0
2013-08-10,4,5,,13,293.41,22,496.54,,,PF562001,0
2013-08-17,4,5,,7,161.14,18,414.36,,,PF562001,0
2013-08-24,4,5,,5,114.85,13,298.61,,,PF562001,0
2013-08-31,4,5,,8,178,39,867.75,,,PF562001,0
2013-09-07,4,5,,13,274.82,54,1141.56,,,PF562001,0
2013-09-14,4,5,,18,360.18,41,820.41,,,PF562001,0
2013-09-21,4,5,,25,529.75,111,2352.09,,,PF562001,0
2013-09-28,4,5,,10,211.1,36,759.96,,,PF562001,0
2013-10-05,4,5,,20,423.6,61,1291.98,,,PF562001,0
2013-10-12,4,5,,24,504.24,91,1911.91,,,PF562001,0
2013-10-19,4,5,,24,506.88,84,1774.08,,,PF562001,0
2013-10-26,4,5,,9,190.53,19,402.23,,,PF562001,0
2013-11-02,4,5,,22,465.08,104,2198.56,,,PF562001,0
2013-11-09,4,5,,9,187.74,23,479.78,,,PF562001,0
2013-11-16,4,5,,18,379.8,80,1688,,,PF562001,0
2013-11-23,4,5,,216,2587.68,630,7547.4,,,PF562001,0
2013-11-30,4,5,,236,2978.32,634,8001.08,,,PF562001,0
2013-12-07,4,5,,3,46.92,16,250.24,,,PF562001,0
2013-12-14,4,5,,1,17.98,4,71.92,,,PF562001,0
2013-12-21,4,5,,1,23.03,2,46.06,,,PF562001,0
2014-12-20,4,5,,1,28.8,3,86.4,,,PF562001,0
